-- Generated by Craft v2.6.2987 on 23/08/2017, 10:47:32 PM.

--
-- Disable foreign key checks and autocommit.
--

SET FOREIGN_KEY_CHECKS = 0;
SET SQL_MODE = "NO_AUTO_VALUE_ON_ZERO";
SET AUTOCOMMIT = 0;
SET NAMES utf8;


DROP TABLE IF EXISTS `craft_assetfiles`;


--
-- Schema for table `craft_assetfiles`
--
CREATE TABLE `craft_assetfiles` (
  `id` int(11) NOT NULL,
  `sourceId` int(11) DEFAULT NULL,
  `folderId` int(11) NOT NULL,
  `filename` varchar(255) COLLATE utf8_unicode_ci NOT NULL,
  `kind` varchar(50) COLLATE utf8_unicode_ci NOT NULL DEFAULT 'unknown',
  `width` int(11) unsigned DEFAULT NULL,
  `height` int(11) unsigned DEFAULT NULL,
  `size` bigint(20) unsigned DEFAULT NULL,
  `dateModified` datetime DEFAULT NULL,
  `dateCreated` datetime NOT NULL,
  `dateUpdated` datetime NOT NULL,
  `uid` char(36) COLLATE utf8_unicode_ci NOT NULL DEFAULT '0',
  PRIMARY KEY (`id`),
  UNIQUE KEY `craft_assetfiles_filename_folderId_unq_idx` (`filename`,`folderId`),
  KEY `craft_assetfiles_sourceId_fk` (`sourceId`),
  KEY `craft_assetfiles_folderId_fk` (`folderId`)
) ENGINE=InnoDB DEFAULT CHARSET=utf8 COLLATE=utf8_unicode_ci;

DROP TABLE IF EXISTS `craft_assetfolders`;


--
-- Schema for table `craft_assetfolders`
--
CREATE TABLE `craft_assetfolders` (
  `id` int(11) NOT NULL AUTO_INCREMENT,
  `parentId` int(11) DEFAULT NULL,
  `sourceId` int(11) DEFAULT NULL,
  `name` varchar(255) COLLATE utf8_unicode_ci NOT NULL,
  `path` varchar(255) COLLATE utf8_unicode_ci DEFAULT NULL,
  `dateCreated` datetime NOT NULL,
  `dateUpdated` datetime NOT NULL,
  `uid` char(36) COLLATE utf8_unicode_ci NOT NULL DEFAULT '0',
  PRIMARY KEY (`id`),
  UNIQUE KEY `craft_assetfolders_name_parentId_sourceId_unq_idx` (`name`,`parentId`,`sourceId`),
  KEY `craft_assetfolders_parentId_fk` (`parentId`),
  KEY `craft_assetfolders_sourceId_fk` (`sourceId`)
) ENGINE=InnoDB DEFAULT CHARSET=utf8 COLLATE=utf8_unicode_ci;

DROP TABLE IF EXISTS `craft_assetindexdata`;


--
-- Schema for table `craft_assetindexdata`
--
CREATE TABLE `craft_assetindexdata` (
  `id` int(11) NOT NULL AUTO_INCREMENT,
  `sessionId` varchar(36) COLLATE utf8_unicode_ci NOT NULL DEFAULT '',
  `sourceId` int(10) NOT NULL,
  `offset` int(10) NOT NULL,
  `uri` varchar(255) COLLATE utf8_unicode_ci DEFAULT NULL,
  `size` varchar(255) COLLATE utf8_unicode_ci DEFAULT NULL,
  `recordId` int(10) DEFAULT NULL,
  `dateCreated` datetime NOT NULL,
  `dateUpdated` datetime NOT NULL,
  `uid` char(36) COLLATE utf8_unicode_ci NOT NULL DEFAULT '0',
  PRIMARY KEY (`id`),
  UNIQUE KEY `craft_assetindexdata_sessionId_sourceId_offset_unq_idx` (`sessionId`,`sourceId`,`offset`),
  KEY `craft_assetindexdata_sourceId_fk` (`sourceId`)
) ENGINE=InnoDB DEFAULT CHARSET=utf8 COLLATE=utf8_unicode_ci;

DROP TABLE IF EXISTS `craft_assetsources`;


--
-- Schema for table `craft_assetsources`
--
CREATE TABLE `craft_assetsources` (
  `id` int(11) NOT NULL AUTO_INCREMENT,
  `name` varchar(255) COLLATE utf8_unicode_ci NOT NULL,
  `handle` varchar(255) COLLATE utf8_unicode_ci NOT NULL,
  `type` varchar(150) COLLATE utf8_unicode_ci NOT NULL,
  `settings` text COLLATE utf8_unicode_ci DEFAULT NULL,
  `sortOrder` smallint(6) unsigned DEFAULT NULL,
  `fieldLayoutId` int(10) DEFAULT NULL,
  `dateCreated` datetime NOT NULL,
  `dateUpdated` datetime NOT NULL,
  `uid` char(36) COLLATE utf8_unicode_ci NOT NULL DEFAULT '0',
  PRIMARY KEY (`id`),
  UNIQUE KEY `craft_assetsources_name_unq_idx` (`name`),
  UNIQUE KEY `craft_assetsources_handle_unq_idx` (`handle`),
  KEY `craft_assetsources_fieldLayoutId_fk` (`fieldLayoutId`)
) ENGINE=InnoDB DEFAULT CHARSET=utf8 COLLATE=utf8_unicode_ci;

DROP TABLE IF EXISTS `craft_assettransformindex`;


--
-- Schema for table `craft_assettransformindex`
--
CREATE TABLE `craft_assettransformindex` (
  `id` int(11) NOT NULL AUTO_INCREMENT,
  `fileId` int(11) NOT NULL,
  `filename` varchar(255) COLLATE utf8_unicode_ci DEFAULT NULL,
  `format` varchar(255) COLLATE utf8_unicode_ci DEFAULT NULL,
  `location` varchar(255) COLLATE utf8_unicode_ci NOT NULL,
  `sourceId` int(11) DEFAULT NULL,
  `fileExists` tinyint(1) DEFAULT NULL,
  `inProgress` tinyint(1) DEFAULT NULL,
  `dateIndexed` datetime DEFAULT NULL,
  `dateCreated` datetime NOT NULL,
  `dateUpdated` datetime NOT NULL,
  `uid` char(36) COLLATE utf8_unicode_ci NOT NULL DEFAULT '0',
  PRIMARY KEY (`id`),
  KEY `craft_assettransformindex_sourceId_fileId_location_idx` (`sourceId`,`fileId`,`location`)
) ENGINE=InnoDB DEFAULT CHARSET=utf8 COLLATE=utf8_unicode_ci;

DROP TABLE IF EXISTS `craft_assettransforms`;


--
-- Schema for table `craft_assettransforms`
--
CREATE TABLE `craft_assettransforms` (
  `id` int(11) NOT NULL AUTO_INCREMENT,
  `name` varchar(255) COLLATE utf8_unicode_ci NOT NULL,
  `handle` varchar(255) COLLATE utf8_unicode_ci NOT NULL,
  `mode` enum('stretch','fit','crop') COLLATE utf8_unicode_ci NOT NULL DEFAULT 'crop',
  `position` enum('top-left','top-center','top-right','center-left','center-center','center-right','bottom-left','bottom-center','bottom-right') COLLATE utf8_unicode_ci NOT NULL DEFAULT 'center-center',
  `height` int(10) DEFAULT NULL,
  `width` int(10) DEFAULT NULL,
  `format` varchar(255) COLLATE utf8_unicode_ci DEFAULT NULL,
  `quality` int(10) DEFAULT NULL,
  `dimensionChangeTime` datetime DEFAULT NULL,
  `dateCreated` datetime NOT NULL,
  `dateUpdated` datetime NOT NULL,
  `uid` char(36) COLLATE utf8_unicode_ci NOT NULL DEFAULT '0',
  PRIMARY KEY (`id`),
  UNIQUE KEY `craft_assettransforms_name_unq_idx` (`name`),
  UNIQUE KEY `craft_assettransforms_handle_unq_idx` (`handle`)
) ENGINE=InnoDB DEFAULT CHARSET=utf8 COLLATE=utf8_unicode_ci;

DROP TABLE IF EXISTS `craft_categories`;


--
-- Schema for table `craft_categories`
--
CREATE TABLE `craft_categories` (
  `id` int(11) NOT NULL,
  `groupId` int(11) NOT NULL,
  `dateCreated` datetime NOT NULL,
  `dateUpdated` datetime NOT NULL,
  `uid` char(36) COLLATE utf8_unicode_ci NOT NULL DEFAULT '0',
  PRIMARY KEY (`id`),
  KEY `craft_categories_groupId_fk` (`groupId`)
) ENGINE=InnoDB DEFAULT CHARSET=utf8 COLLATE=utf8_unicode_ci;

DROP TABLE IF EXISTS `craft_categorygroups`;


--
-- Schema for table `craft_categorygroups`
--
CREATE TABLE `craft_categorygroups` (
  `id` int(11) NOT NULL AUTO_INCREMENT,
  `structureId` int(11) NOT NULL,
  `fieldLayoutId` int(11) DEFAULT NULL,
  `name` varchar(255) COLLATE utf8_unicode_ci NOT NULL,
  `handle` varchar(255) COLLATE utf8_unicode_ci NOT NULL,
  `hasUrls` tinyint(1) unsigned NOT NULL DEFAULT 1,
  `template` varchar(500) COLLATE utf8_unicode_ci DEFAULT NULL,
  `dateCreated` datetime NOT NULL,
  `dateUpdated` datetime NOT NULL,
  `uid` char(36) COLLATE utf8_unicode_ci NOT NULL DEFAULT '0',
  PRIMARY KEY (`id`),
  UNIQUE KEY `craft_categorygroups_name_unq_idx` (`name`),
  UNIQUE KEY `craft_categorygroups_handle_unq_idx` (`handle`),
  KEY `craft_categorygroups_structureId_fk` (`structureId`),
  KEY `craft_categorygroups_fieldLayoutId_fk` (`fieldLayoutId`)
) ENGINE=InnoDB DEFAULT CHARSET=utf8 COLLATE=utf8_unicode_ci;

DROP TABLE IF EXISTS `craft_categorygroups_i18n`;


--
-- Schema for table `craft_categorygroups_i18n`
--
CREATE TABLE `craft_categorygroups_i18n` (
  `id` int(11) NOT NULL AUTO_INCREMENT,
  `groupId` int(11) NOT NULL,
  `locale` char(12) COLLATE utf8_unicode_ci NOT NULL,
  `urlFormat` text COLLATE utf8_unicode_ci DEFAULT NULL,
  `nestedUrlFormat` text COLLATE utf8_unicode_ci DEFAULT NULL,
  `dateCreated` datetime NOT NULL,
  `dateUpdated` datetime NOT NULL,
  `uid` char(36) COLLATE utf8_unicode_ci NOT NULL DEFAULT '0',
  PRIMARY KEY (`id`),
  UNIQUE KEY `craft_categorygroups_i18n_groupId_locale_unq_idx` (`groupId`,`locale`),
  KEY `craft_categorygroups_i18n_locale_fk` (`locale`)
) ENGINE=InnoDB DEFAULT CHARSET=utf8 COLLATE=utf8_unicode_ci;

DROP TABLE IF EXISTS `craft_content`;


--
-- Schema for table `craft_content`
--
CREATE TABLE `craft_content` (
  `id` int(11) NOT NULL AUTO_INCREMENT,
  `elementId` int(11) NOT NULL,
  `locale` char(12) COLLATE utf8_unicode_ci NOT NULL,
  `title` varchar(255) COLLATE utf8_unicode_ci DEFAULT NULL,
  `field_generalEmail` text COLLATE utf8_unicode_ci DEFAULT NULL,
  `field_instagramLink` text COLLATE utf8_unicode_ci DEFAULT NULL,
  `dateCreated` datetime NOT NULL,
  `dateUpdated` datetime NOT NULL,
  `uid` char(36) COLLATE utf8_unicode_ci NOT NULL DEFAULT '0',
  PRIMARY KEY (`id`),
  UNIQUE KEY `craft_content_elementId_locale_unq_idx` (`elementId`,`locale`),
  KEY `craft_content_title_idx` (`title`),
  KEY `craft_content_locale_fk` (`locale`)
) ENGINE=InnoDB AUTO_INCREMENT=21 DEFAULT CHARSET=utf8 COLLATE=utf8_unicode_ci;

--
-- Data for table `craft_content`
--

INSERT INTO `craft_content` (`id`, `elementId`, `locale`, `title`, `field_generalEmail`, `field_instagramLink`, `dateCreated`, `dateUpdated`, `uid`) VALUES
 ('1', '1', 'en_au', NULL, NULL, NULL, '2017-06-22 19:07:18', '2017-06-22 19:07:18', '7973996f-98e9-4ca7-9a64-523b40bda005'),
 ('2', '2', 'en_au', 'Home', NULL, NULL, '2017-06-22 19:07:21', '2017-07-20 17:23:54', '801e4101-a918-4a3c-9001-d871fe23cb0e'),
 ('4', '4', 'en_au', 'Our Story', NULL, NULL, '2017-07-05 20:51:43', '2017-07-20 17:10:14', 'f674ff0a-4ed7-4602-8fc8-99977eba21b9'),
 ('5', '6', 'en_au', 'Work', NULL, NULL, '2017-07-05 20:54:00', '2017-07-20 17:09:28', 'b44e0d6e-4bf5-47c5-a18c-a06bfac34ca5'),
 ('6', '9', 'en_au', 'brand strategy', NULL, NULL, '2017-07-05 20:55:25', '2017-07-05 20:55:25', 'df5dca4d-c7aa-4230-a36f-1119d6edd828'),
 ('7', '10', 'en_au', 'naming', NULL, NULL, '2017-07-05 20:55:30', '2017-07-05 20:55:30', 'aca4fbc3-6214-41ee-9005-ca38d6aff3ee'),
 ('8', '11', 'en_au', 'visual and verbal identity', NULL, NULL, '2017-07-05 20:55:36', '2017-07-05 20:55:36', '9966059b-1cd6-44e9-a49d-d2b63c9597c9'),
 ('9', '12', 'en_au', 'brand guidelines', NULL, NULL, '2017-07-05 20:55:41', '2017-07-05 20:55:41', '2733b405-72b0-4333-a083-7f164819cdaf'),
 ('10', '13', 'en_au', 'print design', NULL, NULL, '2017-07-05 20:55:48', '2017-07-05 20:55:48', '09e49937-9065-4fe9-9b45-97291fb4fe56'),
 ('11', '14', 'en_au', 'digital design', NULL, NULL, '2017-07-05 20:55:52', '2017-07-05 20:55:52', 'e1a697f3-4347-46d1-ae5b-59fe1eb47190'),
 ('12', '15', 'en_au', 'environments', NULL, NULL, '2017-07-05 20:55:56', '2017-07-05 20:55:56', 'f9837d80-ae0d-47c9-b5b8-e9bc8fb977d7'),
 ('13', '16', 'en_au', 'art direction', NULL, NULL, '2017-07-05 20:56:00', '2017-07-05 20:56:00', '8d9e45b1-d8f8-49c8-b9e9-0df4e4803585'),
 ('14', '17', 'en_au', 'moving image', NULL, NULL, '2017-07-05 20:56:05', '2017-07-05 20:56:05', 'ba0b9752-5def-47af-ae2b-e9b66468cec6'),
 ('15', '18', 'en_au', 'experiential design', NULL, NULL, '2017-07-05 20:56:10', '2017-07-05 20:56:10', '74119294-b0af-42c4-bf67-80239baa6488'),
 ('16', '19', 'en_au', 'campaigns', NULL, NULL, '2017-07-05 20:56:15', '2017-07-05 20:56:15', 'cd0d2954-127b-434c-a87e-3be9931f8412'),
 ('17', '21', 'en_au', 'Team', NULL, NULL, '2017-07-20 17:11:06', '2017-07-20 17:11:06', 'f07a4097-363a-4dfb-bbe3-8b3b2ea28f94'),
 ('18', '23', 'en_au', 'Contact', NULL, NULL, '2017-07-20 17:15:26', '2017-07-20 17:36:18', '93127eee-e0e5-42fd-9688-5d6f78001cda'),
 ('19', '26', 'en_au', NULL, 'hello@luka.agency', 'https://www.instagram.com/luka.agency/', '2017-07-20 17:37:22', '2017-07-20 17:45:34', 'b79baa0d-b9c4-457e-8e0c-715f753229f7');



DROP TABLE IF EXISTS `craft_deprecationerrors`;


--
-- Schema for table `craft_deprecationerrors`
--
CREATE TABLE `craft_deprecationerrors` (
  `id` int(11) NOT NULL AUTO_INCREMENT,
  `key` varchar(255) COLLATE utf8_unicode_ci NOT NULL,
  `fingerprint` varchar(255) COLLATE utf8_unicode_ci NOT NULL,
  `lastOccurrence` datetime NOT NULL,
  `file` varchar(255) COLLATE utf8_unicode_ci NOT NULL,
  `line` smallint(6) unsigned NOT NULL,
  `class` varchar(255) COLLATE utf8_unicode_ci DEFAULT NULL,
  `method` varchar(255) COLLATE utf8_unicode_ci DEFAULT NULL,
  `template` varchar(255) COLLATE utf8_unicode_ci DEFAULT NULL,
  `templateLine` smallint(6) unsigned DEFAULT NULL,
  `message` varchar(255) COLLATE utf8_unicode_ci DEFAULT NULL,
  `traces` text COLLATE utf8_unicode_ci DEFAULT NULL,
  `dateCreated` datetime NOT NULL,
  `dateUpdated` datetime NOT NULL,
  `uid` char(36) COLLATE utf8_unicode_ci NOT NULL DEFAULT '0',
  PRIMARY KEY (`id`),
  UNIQUE KEY `craft_deprecationerrors_key_fingerprint_unq_idx` (`key`,`fingerprint`)
) ENGINE=InnoDB DEFAULT CHARSET=utf8 COLLATE=utf8_unicode_ci;

DROP TABLE IF EXISTS `craft_elementindexsettings`;


--
-- Schema for table `craft_elementindexsettings`
--
CREATE TABLE `craft_elementindexsettings` (
  `id` int(11) NOT NULL AUTO_INCREMENT,
  `type` varchar(150) COLLATE utf8_unicode_ci NOT NULL,
  `settings` text COLLATE utf8_unicode_ci DEFAULT NULL,
  `dateCreated` datetime NOT NULL,
  `dateUpdated` datetime NOT NULL,
  `uid` char(36) COLLATE utf8_unicode_ci NOT NULL DEFAULT '0',
  PRIMARY KEY (`id`),
  UNIQUE KEY `craft_elementindexsettings_type_unq_idx` (`type`)
) ENGINE=InnoDB DEFAULT CHARSET=utf8 COLLATE=utf8_unicode_ci;

DROP TABLE IF EXISTS `craft_elements`;


--
-- Schema for table `craft_elements`
--
CREATE TABLE `craft_elements` (
  `id` int(11) NOT NULL AUTO_INCREMENT,
  `type` varchar(150) COLLATE utf8_unicode_ci NOT NULL,
  `enabled` tinyint(1) unsigned NOT NULL DEFAULT 1,
  `archived` tinyint(1) unsigned NOT NULL DEFAULT 0,
  `dateCreated` datetime NOT NULL,
  `dateUpdated` datetime NOT NULL,
  `uid` char(36) COLLATE utf8_unicode_ci NOT NULL DEFAULT '0',
  PRIMARY KEY (`id`),
  KEY `craft_elements_type_idx` (`type`),
  KEY `craft_elements_enabled_idx` (`enabled`),
  KEY `craft_elements_archived_dateCreated_idx` (`archived`,`dateCreated`)
) ENGINE=InnoDB AUTO_INCREMENT=28 DEFAULT CHARSET=utf8 COLLATE=utf8_unicode_ci;

--
-- Data for table `craft_elements`
--

INSERT INTO `craft_elements` (`id`, `type`, `enabled`, `archived`, `dateCreated`, `dateUpdated`, `uid`) VALUES
 ('1', 'User', '1', '0', '2017-06-22 19:07:18', '2017-06-22 19:07:18', 'aa6aec16-7b40-45ff-bbfe-2c76f558a304'),
 ('2', 'Entry', '1', '0', '2017-06-22 19:07:21', '2017-07-20 17:23:54', '99069793-f583-4a17-88f3-4ccdd232a487'),
 ('4', 'Entry', '1', '0', '2017-07-05 20:51:43', '2017-07-20 17:10:14', 'de879892-dbe5-4232-9a1d-73604c5e7a1d'),
 ('5', 'MatrixBlock', '1', '0', '2017-07-05 20:51:43', '2017-07-20 17:10:14', 'eb7bce62-7d77-41f1-8825-7de33e6b6fd3'),
 ('6', 'Entry', '1', '0', '2017-07-05 20:54:00', '2017-07-20 17:09:28', '8c08cce0-3533-4c3a-ba70-ecd66f4676db'),
 ('7', 'MatrixBlock', '1', '0', '2017-07-05 20:54:00', '2017-07-20 17:09:28', 'abaccd61-7005-4872-ada6-483125c2e571'),
 ('8', 'MatrixBlock', '1', '0', '2017-07-05 20:54:00', '2017-07-20 17:09:28', '79240ef7-4a21-4806-b971-bc7c44b9369f'),
 ('9', 'Tag', '1', '0', '2017-07-05 20:55:25', '2017-07-05 20:55:25', 'f363e583-1ce3-4a46-af3c-c0c9b9896019'),
 ('10', 'Tag', '1', '0', '2017-07-05 20:55:30', '2017-07-05 20:55:30', '5bfc17d7-5912-45f2-9567-624de5438418'),
 ('11', 'Tag', '1', '0', '2017-07-05 20:55:36', '2017-07-05 20:55:36', 'f34ce1d0-0f60-4dfc-83df-b3ef07e1d16e'),
 ('12', 'Tag', '1', '0', '2017-07-05 20:55:41', '2017-07-05 20:55:41', '871ce6ce-62e2-4509-9ea0-ea697f756903'),
 ('13', 'Tag', '1', '0', '2017-07-05 20:55:48', '2017-07-05 20:55:48', '2d1d80aa-fe6a-4c1d-a9c8-5add12cd3c9e'),
 ('14', 'Tag', '1', '0', '2017-07-05 20:55:52', '2017-07-05 20:55:52', '373668c1-1752-40f9-912f-74f295b68db0'),
 ('15', 'Tag', '1', '0', '2017-07-05 20:55:56', '2017-07-05 20:55:56', '91b499dd-d292-4456-93f8-8e45119e1f37'),
 ('16', 'Tag', '1', '0', '2017-07-05 20:56:00', '2017-07-05 20:56:00', 'd1002930-d03d-4c4d-ae6f-a38a324acbb5'),
 ('17', 'Tag', '1', '0', '2017-07-05 20:56:05', '2017-07-05 20:56:05', '1351dcb9-a282-475a-98dc-fb45f141eff7'),
 ('18', 'Tag', '1', '0', '2017-07-05 20:56:10', '2017-07-05 20:56:10', '7a654986-67cc-465f-a1c1-fc74ee1cbff4'),
 ('19', 'Tag', '1', '0', '2017-07-05 20:56:15', '2017-07-05 20:56:15', '42cc4464-7e6b-4c87-a9bc-b01aed10940b'),
 ('21', 'Entry', '1', '0', '2017-07-20 17:11:06', '2017-07-20 17:11:06', '66b24e16-f327-42c6-a9a7-68ee19081865'),
 ('22', 'MatrixBlock', '1', '0', '2017-07-20 17:11:06', '2017-07-20 17:11:06', 'cdbf0f89-910f-4b7b-bbce-92be93a72592'),
 ('23', 'Entry', '1', '0', '2017-07-20 17:15:26', '2017-07-20 17:36:18', '11877032-de99-43b9-a916-ee1f058f7c1c'),
 ('24', 'MatrixBlock', '1', '0', '2017-07-20 17:15:27', '2017-07-20 17:36:18', '262c0be1-9b62-4b88-995a-3ef5c6edca23'),
 ('25', 'MatrixBlock', '1', '0', '2017-07-20 17:15:27', '2017-07-20 17:36:18', '5fefa5a9-b75d-4cf6-b625-c0458e6c7796'),
 ('26', 'GlobalSet', '1', '0', '2017-07-20 17:37:22', '2017-07-20 17:45:34', '859bed29-ec3a-4ab5-b788-60f3eddf52b4');



DROP TABLE IF EXISTS `craft_elements_i18n`;


--
-- Schema for table `craft_elements_i18n`
--
CREATE TABLE `craft_elements_i18n` (
  `id` int(11) NOT NULL AUTO_INCREMENT,
  `elementId` int(11) NOT NULL,
  `locale` char(12) COLLATE utf8_unicode_ci NOT NULL,
  `slug` varchar(255) COLLATE utf8_unicode_ci DEFAULT NULL,
  `uri` varchar(255) COLLATE utf8_unicode_ci DEFAULT NULL,
  `enabled` tinyint(1) unsigned NOT NULL DEFAULT 1,
  `dateCreated` datetime NOT NULL,
  `dateUpdated` datetime NOT NULL,
  `uid` char(36) COLLATE utf8_unicode_ci NOT NULL DEFAULT '0',
  PRIMARY KEY (`id`),
  UNIQUE KEY `craft_elements_i18n_elementId_locale_unq_idx` (`elementId`,`locale`),
  UNIQUE KEY `craft_elements_i18n_uri_locale_unq_idx` (`uri`,`locale`),
  KEY `craft_elements_i18n_slug_locale_idx` (`slug`,`locale`),
  KEY `craft_elements_i18n_enabled_idx` (`enabled`),
  KEY `craft_elements_i18n_locale_fk` (`locale`)
) ENGINE=InnoDB AUTO_INCREMENT=28 DEFAULT CHARSET=utf8 COLLATE=utf8_unicode_ci;

--
-- Data for table `craft_elements_i18n`
--

INSERT INTO `craft_elements_i18n` (`id`, `elementId`, `locale`, `slug`, `uri`, `enabled`, `dateCreated`, `dateUpdated`, `uid`) VALUES
 ('1', '1', 'en_au', '', NULL, '1', '2017-06-22 19:07:18', '2017-06-22 19:07:18', '329d92cb-0391-4ae5-bf2f-716d96f3a56e'),
 ('2', '2', 'en_au', 'homepage', '__home__', '1', '2017-06-22 19:07:21', '2017-07-20 17:23:54', 'd6f41ab6-fbd2-4863-9523-51f1e284e8f8'),
 ('4', '4', 'en_au', 'our-story', NULL, '1', '2017-07-05 20:51:43', '2017-07-20 17:10:14', '73816d88-e94c-4c2d-b501-b4657fa55678'),
 ('5', '5', 'en_au', '', NULL, '1', '2017-07-05 20:51:43', '2017-07-20 17:10:14', '3493693e-ccf9-413e-97db-c484f2fe7040'),
 ('6', '6', 'en_au', 'work', NULL, '1', '2017-07-05 20:54:00', '2017-07-20 17:09:28', '387876c7-cfcd-4d07-832e-87fdb7194a4b'),
 ('7', '7', 'en_au', '', NULL, '1', '2017-07-05 20:54:00', '2017-07-20 17:09:28', '6823c83a-5af4-4e0a-8e6e-72b183d79305'),
 ('8', '8', 'en_au', '', NULL, '1', '2017-07-05 20:54:00', '2017-07-20 17:09:28', 'da9d2e4e-0bbb-4ce2-b655-6efbd3e07398'),
 ('9', '9', 'en_au', 'brand-strategy', NULL, '1', '2017-07-05 20:55:26', '2017-07-05 20:55:26', 'b9f85d38-9dc7-4c21-ad56-70ac2719c669'),
 ('10', '10', 'en_au', 'naming', NULL, '1', '2017-07-05 20:55:30', '2017-07-05 20:55:30', '23335690-a327-408b-9c42-faa816026f16'),
 ('11', '11', 'en_au', 'visual-and-verbal-identity', NULL, '1', '2017-07-05 20:55:36', '2017-07-05 20:55:36', '5bd21d23-5b59-4d72-b2d0-7acbf102f2fa'),
 ('12', '12', 'en_au', 'brand-guidelines', NULL, '1', '2017-07-05 20:55:41', '2017-07-05 20:55:41', '57befb53-002d-4eb3-9dcc-fa39d9995fca'),
 ('13', '13', 'en_au', 'print-design', NULL, '1', '2017-07-05 20:55:48', '2017-07-05 20:55:48', '143217c0-9d1a-430e-8bb0-f00eb5f09a1a'),
 ('14', '14', 'en_au', 'digital-design', NULL, '1', '2017-07-05 20:55:52', '2017-07-05 20:55:52', 'dd7beda5-6996-4b8a-ba6d-b30886b753f6'),
 ('15', '15', 'en_au', 'environments', NULL, '1', '2017-07-05 20:55:56', '2017-07-05 20:55:56', 'abd3cb15-e168-4688-8b1f-ca9e2afdf1f7'),
 ('16', '16', 'en_au', 'art-direction', NULL, '1', '2017-07-05 20:56:00', '2017-07-05 20:56:00', '1bd38ef9-c719-4e09-aede-3b881b60cf5b'),
 ('17', '17', 'en_au', 'moving-image', NULL, '1', '2017-07-05 20:56:05', '2017-07-05 20:56:05', '8fd59892-d28a-4132-ad32-0011ed224220'),
 ('18', '18', 'en_au', 'experiential-design', NULL, '1', '2017-07-05 20:56:10', '2017-07-05 20:56:10', '813d5451-d44b-45c4-afd6-816e00169340'),
 ('19', '19', 'en_au', 'campaigns', NULL, '1', '2017-07-05 20:56:15', '2017-07-05 20:56:15', '74d77281-cbe8-4b22-bc7c-5ce421c9e01a'),
 ('21', '21', 'en_au', 'team', NULL, '1', '2017-07-20 17:11:06', '2017-07-20 17:11:06', '4685af6f-3f81-4548-8b76-6939206fd1b5'),
 ('22', '22', 'en_au', '', NULL, '1', '2017-07-20 17:11:06', '2017-07-20 17:11:06', 'd23edb4a-6b70-451f-9e6b-da8e291da253'),
 ('23', '23', 'en_au', 'contact', NULL, '1', '2017-07-20 17:15:27', '2017-07-20 17:36:18', '326187ea-43be-4c6e-8fbc-a5cac2e1e2ba'),
 ('24', '24', 'en_au', '', NULL, '1', '2017-07-20 17:15:27', '2017-07-20 17:36:18', '167bb546-294c-43e7-a034-f99fd03c7f13'),
 ('25', '25', 'en_au', '', NULL, '1', '2017-07-20 17:15:27', '2017-07-20 17:36:18', '08e64f9b-d271-41a7-b65b-ceb7805f84c3'),
 ('26', '26', 'en_au', '', NULL, '1', '2017-07-20 17:37:22', '2017-07-20 17:45:34', '12fe7c7f-3289-4f3a-bc38-5262c8c27c1c');



DROP TABLE IF EXISTS `craft_emailmessages`;


--
-- Schema for table `craft_emailmessages`
--
CREATE TABLE `craft_emailmessages` (
  `id` int(11) NOT NULL AUTO_INCREMENT,
  `key` char(150) COLLATE utf8_unicode_ci NOT NULL,
  `locale` char(12) COLLATE utf8_unicode_ci NOT NULL,
  `subject` varchar(1000) COLLATE utf8_unicode_ci NOT NULL,
  `body` text COLLATE utf8_unicode_ci NOT NULL,
  `dateCreated` datetime NOT NULL,
  `dateUpdated` datetime NOT NULL,
  `uid` char(36) COLLATE utf8_unicode_ci NOT NULL DEFAULT '0',
  PRIMARY KEY (`id`),
  UNIQUE KEY `craft_emailmessages_key_locale_unq_idx` (`key`,`locale`),
  KEY `craft_emailmessages_locale_fk` (`locale`)
) ENGINE=InnoDB DEFAULT CHARSET=utf8 COLLATE=utf8_unicode_ci;

DROP TABLE IF EXISTS `craft_entries`;


--
-- Schema for table `craft_entries`
--
CREATE TABLE `craft_entries` (
  `id` int(11) NOT NULL,
  `sectionId` int(11) NOT NULL,
  `typeId` int(11) DEFAULT NULL,
  `authorId` int(11) DEFAULT NULL,
  `postDate` datetime DEFAULT NULL,
  `expiryDate` datetime DEFAULT NULL,
  `dateCreated` datetime NOT NULL,
  `dateUpdated` datetime NOT NULL,
  `uid` char(36) COLLATE utf8_unicode_ci NOT NULL DEFAULT '0',
  PRIMARY KEY (`id`),
  KEY `craft_entries_sectionId_idx` (`sectionId`),
  KEY `craft_entries_typeId_idx` (`typeId`),
  KEY `craft_entries_postDate_idx` (`postDate`),
  KEY `craft_entries_expiryDate_idx` (`expiryDate`),
  KEY `craft_entries_authorId_fk` (`authorId`)
) ENGINE=InnoDB DEFAULT CHARSET=utf8 COLLATE=utf8_unicode_ci;

--
-- Data for table `craft_entries`
--

INSERT INTO `craft_entries` (`id`, `sectionId`, `typeId`, `authorId`, `postDate`, `expiryDate`, `dateCreated`, `dateUpdated`, `uid`) VALUES
 ('2', '1', '1', NULL, '2017-07-03 20:50:04', NULL, '2017-06-22 19:07:21', '2017-07-20 17:23:54', '4c717faa-8bbd-42f0-866f-065e6a9419ab'),
 ('4', '3', '3', '1', '2017-07-05 20:51:00', NULL, '2017-07-05 20:51:43', '2017-07-20 17:10:14', 'b0d34dca-5da8-4146-a9d6-bf6d0cc25851'),
 ('6', '3', '3', '1', '2017-07-05 20:54:00', NULL, '2017-07-05 20:54:00', '2017-07-20 17:09:28', '854393f8-036e-4c34-ba0e-0cbccf27d324'),
 ('21', '3', '3', '1', '2017-07-20 17:11:06', NULL, '2017-07-20 17:11:07', '2017-07-20 17:11:07', '3e7f6ade-5c9c-4ae4-b7a8-39cecb1ff5ca'),
 ('23', '3', '3', '1', '2017-07-20 17:15:00', NULL, '2017-07-20 17:15:27', '2017-07-20 17:36:18', 'a13e5686-0382-4eda-9c18-0d2ac3f26845');



DROP TABLE IF EXISTS `craft_entrydrafts`;


--
-- Schema for table `craft_entrydrafts`
--
CREATE TABLE `craft_entrydrafts` (
  `id` int(11) NOT NULL AUTO_INCREMENT,
  `entryId` int(11) NOT NULL,
  `sectionId` int(11) NOT NULL,
  `creatorId` int(11) NOT NULL,
  `locale` char(12) COLLATE utf8_unicode_ci NOT NULL,
  `name` varchar(255) COLLATE utf8_unicode_ci NOT NULL,
  `notes` tinytext COLLATE utf8_unicode_ci DEFAULT NULL,
  `data` mediumtext COLLATE utf8_unicode_ci NOT NULL,
  `dateCreated` datetime NOT NULL,
  `dateUpdated` datetime NOT NULL,
  `uid` char(36) COLLATE utf8_unicode_ci NOT NULL DEFAULT '0',
  PRIMARY KEY (`id`),
  KEY `craft_entrydrafts_entryId_locale_idx` (`entryId`,`locale`),
  KEY `craft_entrydrafts_sectionId_fk` (`sectionId`),
  KEY `craft_entrydrafts_creatorId_fk` (`creatorId`),
  KEY `craft_entrydrafts_locale_fk` (`locale`)
) ENGINE=InnoDB DEFAULT CHARSET=utf8 COLLATE=utf8_unicode_ci;

DROP TABLE IF EXISTS `craft_entrytypes`;


--
-- Schema for table `craft_entrytypes`
--
CREATE TABLE `craft_entrytypes` (
  `id` int(11) NOT NULL AUTO_INCREMENT,
  `sectionId` int(11) NOT NULL,
  `fieldLayoutId` int(11) DEFAULT NULL,
  `name` varchar(255) COLLATE utf8_unicode_ci NOT NULL,
  `handle` varchar(255) COLLATE utf8_unicode_ci NOT NULL,
  `hasTitleField` tinyint(1) unsigned NOT NULL DEFAULT 1,
  `titleLabel` varchar(255) COLLATE utf8_unicode_ci DEFAULT 'Title',
  `titleFormat` varchar(255) COLLATE utf8_unicode_ci DEFAULT NULL,
  `sortOrder` smallint(6) unsigned DEFAULT NULL,
  `dateCreated` datetime NOT NULL,
  `dateUpdated` datetime NOT NULL,
  `uid` char(36) COLLATE utf8_unicode_ci NOT NULL DEFAULT '0',
  PRIMARY KEY (`id`),
  UNIQUE KEY `craft_entrytypes_name_sectionId_unq_idx` (`name`,`sectionId`),
  UNIQUE KEY `craft_entrytypes_handle_sectionId_unq_idx` (`handle`,`sectionId`),
  KEY `craft_entrytypes_sectionId_fk` (`sectionId`),
  KEY `craft_entrytypes_fieldLayoutId_fk` (`fieldLayoutId`)
) ENGINE=InnoDB AUTO_INCREMENT=5 DEFAULT CHARSET=utf8 COLLATE=utf8_unicode_ci;

--
-- Data for table `craft_entrytypes`
--

INSERT INTO `craft_entrytypes` (`id`, `sectionId`, `fieldLayoutId`, `name`, `handle`, `hasTitleField`, `titleLabel`, `titleFormat`, `sortOrder`, `dateCreated`, `dateUpdated`, `uid`) VALUES
 ('1', '1', '25', 'Home', 'homepage', '1', 'Home', NULL, '1', '2017-06-22 19:07:21', '2017-07-05 20:52:18', '66c2dd69-e458-4c34-9593-a6c474edde1d'),
 ('3', '3', '29', 'Blocks', 'blocks', '1', 'Title', NULL, '1', '2017-07-05 19:49:11', '2017-07-05 20:57:11', 'b0db7879-5d98-4560-abad-a6a2815eae23');



DROP TABLE IF EXISTS `craft_entryversions`;


--
-- Schema for table `craft_entryversions`
--
CREATE TABLE `craft_entryversions` (
  `id` int(11) NOT NULL AUTO_INCREMENT,
  `entryId` int(11) NOT NULL,
  `sectionId` int(11) NOT NULL,
  `creatorId` int(11) DEFAULT NULL,
  `locale` char(12) COLLATE utf8_unicode_ci NOT NULL,
  `num` smallint(6) unsigned NOT NULL,
  `notes` tinytext COLLATE utf8_unicode_ci DEFAULT NULL,
  `data` mediumtext COLLATE utf8_unicode_ci NOT NULL,
  `dateCreated` datetime NOT NULL,
  `dateUpdated` datetime NOT NULL,
  `uid` char(36) COLLATE utf8_unicode_ci NOT NULL DEFAULT '0',
  PRIMARY KEY (`id`),
  KEY `craft_entryversions_entryId_locale_idx` (`entryId`,`locale`),
  KEY `craft_entryversions_sectionId_fk` (`sectionId`),
  KEY `craft_entryversions_creatorId_fk` (`creatorId`),
  KEY `craft_entryversions_locale_fk` (`locale`)
) ENGINE=InnoDB AUTO_INCREMENT=25 DEFAULT CHARSET=utf8 COLLATE=utf8_unicode_ci;

--
-- Data for table `craft_entryversions`
--

INSERT INTO `craft_entryversions` (`id`, `entryId`, `sectionId`, `creatorId`, `locale`, `num`, `notes`, `data`, `dateCreated`, `dateUpdated`, `uid`) VALUES
 ('1', '2', '1', '1', 'en_au', '1', NULL, '{\"typeId\":\"1\",\"authorId\":null,\"title\":\"Homepage\",\"slug\":\"homepage\",\"postDate\":1498158441,\"expiryDate\":null,\"enabled\":1,\"parentId\":null,\"fields\":[]}', '2017-06-22 19:07:21', '2017-06-22 19:07:21', 'eceb4dd3-48c9-44f1-aa10-d70619bcbc25'),
 ('2', '2', '1', '1', 'en_au', '2', NULL, '{\"typeId\":null,\"authorId\":null,\"title\":\"Welcome to Luka.dev!\",\"slug\":\"homepage\",\"postDate\":1498158441,\"expiryDate\":null,\"enabled\":\"1\",\"parentId\":null,\"fields\":{\"1\":\"<p>It\\u2019s true, this site doesn\\u2019t have a whole lot of content yet, but don\\u2019t worry. Our web developers have just installed the CMS, and they\\u2019re setting things up for the content editors this very moment. Soon Luka.dev will be an oasis of fresh perspectives, sharp analyses, and astute opinions that will keep you coming back again and again.<\\/p>\"}}', '2017-06-22 19:07:21', '2017-06-22 19:07:21', '9bb62ca3-d51f-4e30-ac30-a5479e6a5470'),
 ('4', '2', '1', '1', 'en_au', '3', '', '{\"typeId\":null,\"authorId\":null,\"title\":\"Home\",\"slug\":\"homepage\",\"postDate\":1498158441,\"expiryDate\":null,\"enabled\":1,\"parentId\":null,\"fields\":{\"1\":\"<p>It\\u2019s true, this site doesn\\u2019t have a whole lot of content yet, but don\\u2019t worry. Our web developers have just installed the CMS, and they\\u2019re setting things up for the content editors this very moment. Soon Luka.dev will be an oasis of fresh perspectives, sharp analyses, and astute opinions that will keep you coming back again and again.<\\/p>\"}}', '2017-06-22 19:24:47', '2017-06-22 19:24:47', 'd3e40de5-09d7-4d4d-a40f-2afbd6928735'),
 ('5', '2', '1', '1', 'en_au', '4', '', '{\"typeId\":\"1\",\"authorId\":null,\"title\":\"Our Story\",\"slug\":\"homepage\",\"postDate\":1498160974,\"expiryDate\":null,\"enabled\":1,\"parentId\":null,\"fields\":{\"1\":\"<p>It\\u2019s true, this site doesn\\u2019t have a whole lot of content yet, but don\\u2019t worry. Our web developers have just installed the CMS, and they\\u2019re setting things up for the content editors this very moment. Soon Luka.dev will be an oasis of fresh perspectives, sharp analyses, and astute opinions that will keep you coming back again and again.<\\/p>\"}}', '2017-06-22 19:49:54', '2017-06-22 19:49:54', 'b8bc2505-fee8-4475-9294-6cc33267578d'),
 ('6', '4', '3', '1', 'en_au', '1', '', '{\"typeId\":null,\"authorId\":\"1\",\"title\":\"Our Story\",\"slug\":\"our-story\",\"postDate\":1499287903,\"expiryDate\":null,\"enabled\":1,\"parentId\":null,\"fields\":{\"16\":{\"new1\":{\"type\":\"copy\",\"enabled\":\"1\",\"fields\":{\"text\":\"<p>We believe brands have the cultural influence and resources to change our world for the better. Big problems or small. Global or grassroots.<\\/p>\\r\\n<p>Over the past 10 years, our team has worked in Sydney, San Francisco, London and Berlin delivering world-class design and strategy for global clients, from banks, telcos and airlines to luxury brands, fashion labels and music festivals.<\\/p>\\r\\n<p>Evolving social values and technology are changing the way we live. Today\\u2019s consumers are demanding more than products and services. They want brands that are authentic, intelligent and ethical.<\\/p>\\r\\n<p>Businesses have to adapt.<\\/p>\\r\\n<p>We started Luka to use our industry experience to help those who share our worldview work towards a brighter future.<\\/p>\\r\\n<p>If you\\u2019re a start-up, social innovator, B-corp, a for-purpose business, or simply one with the ambition to make a difference, we\\u2019d love to hear from you.<\\/p>\"}}}}}', '2017-07-05 20:51:43', '2017-07-05 20:51:43', '5ab41604-64ae-4ac9-984c-7f77795bae5a'),
 ('7', '6', '3', '1', 'en_au', '1', '', '{\"typeId\":null,\"authorId\":\"1\",\"title\":\"Work\",\"slug\":\"work\",\"postDate\":1499288040,\"expiryDate\":null,\"enabled\":1,\"parentId\":null,\"fields\":{\"16\":{\"new1\":{\"type\":\"copy\",\"enabled\":\"1\",\"fields\":{\"text\":\"<p><strong><strong>We craft meaningful ideas and experiences to build distinctive, memorable brands.<\\/strong><\\/strong><\\/p><strong><strong>\\r\\n<p>The things we do best are:<\\/p>\\r\\n<\\/strong><\\/strong><p><strong><strong><\\/strong><\\/strong><\\/p>\"}},\"new2\":{\"type\":\"lists\",\"enabled\":\"1\",\"fields\":{\"columnOne\":\"\",\"columnTwo\":\"\"}}}}}', '2017-07-05 20:54:00', '2017-07-05 20:54:00', 'bb3b0ca7-c9d1-4871-82f7-dc86d998ec0c'),
 ('8', '6', '3', '1', 'en_au', '2', '', '{\"typeId\":\"3\",\"authorId\":\"1\",\"title\":\"Work\",\"slug\":\"work\",\"postDate\":1499288040,\"expiryDate\":null,\"enabled\":1,\"parentId\":null,\"fields\":{\"16\":{\"7\":{\"type\":\"copy\",\"enabled\":\"1\",\"fields\":{\"text\":\"<p><strong><strong>We craft meaningful ideas and experiences to build distinctive, memorable brands.<\\/strong><\\/strong><\\/p>\\r\\n<p><strong><strong><br><\\/strong><\\/strong><br><\\/p><p><strong><strong>The things we do best are:<\\/strong><\\/strong><\\/p>\\r\\n<p><strong><strong><br><\\/strong><\\/strong><br><\\/p><p><strong><\\/strong><\\/p>\"}},\"8\":{\"type\":\"lists\",\"enabled\":\"1\",\"fields\":{\"columnOneTitle\":\"Brand Creation\",\"columnOne\":[\"9\",\"10\",\"11\",\"12\"],\"columnTwoTitle\":\"Brand Activation\",\"columnTwo\":[\"13\",\"14\",\"15\",\"16\",\"17\",\"18\",\"19\"]}}}}}', '2017-07-05 20:56:17', '2017-07-05 20:56:17', 'c95985e7-f46f-4b38-853d-02bb6f2fb6d1'),
 ('9', '2', '1', '1', 'en_au', '5', '', '{\"typeId\":\"1\",\"authorId\":null,\"title\":\"Home\",\"slug\":\"homepage\",\"postDate\":1499115004,\"expiryDate\":null,\"enabled\":1,\"parentId\":null,\"fields\":{\"21\":\"\"}}', '2017-07-05 20:56:36', '2017-07-05 20:56:36', 'fe8076cd-e979-4fad-9999-cd6b257ee3a3'),
 ('10', '2', '1', '1', 'en_au', '6', '', '{\"typeId\":\"1\",\"authorId\":null,\"title\":\"Home\",\"slug\":\"homepage\",\"postDate\":1499115004,\"expiryDate\":null,\"enabled\":1,\"parentId\":null,\"fields\":{\"21\":[\"4\",\"6\"]}}', '2017-07-05 20:57:41', '2017-07-05 20:57:41', '8832bf3a-de15-46cc-bf4b-99e3002a163c'),
 ('11', '4', '3', '1', 'en_au', '2', '', '{\"typeId\":\"3\",\"authorId\":\"1\",\"title\":\"Our Story\",\"slug\":\"our-story\",\"postDate\":1499287860,\"expiryDate\":null,\"enabled\":1,\"parentId\":null,\"fields\":{\"16\":{\"5\":{\"type\":\"copy\",\"enabled\":\"1\",\"fields\":{\"text\":\"<p>We believe brands have the cultural influence and resources to change our world for the better. Big problems or small. Global or grassroots.<\\/p>\\r\\n<p>Over the past 10 years, our team has worked in Sydney, San Francisco, London and Berlin delivering world-class design and strategy for global clients, from banks, telcos and airlines to luxury brands, fashion labels and music festivals.<\\/p>\\r\\n<p>Evolving social values and technology are changing the way we live. Today\\u2019s consumers are demanding more than products and services. They want brands that are authentic, intelligent and ethical.<\\/p>\\r\\n<p>Businesses have to adapt.<\\/p>\\r\\n<p>We started Luka to use our industry experience to help those who share our worldview work towards a brighter future.<\\/p>\\r\\n<p>If you\\u2019re a start-up, social innovator, B-corp, a for-purpose business, or simply one with the ambition to make a difference, we\\u2019d love to hear from you.<\\/p>\"}},\"new1\":{\"type\":\"quotes\",\"enabled\":\"1\",\"fields\":{\"quote\":\"<p>We started Luka to use our industry experience to help those who share our worldview work towards a brighter future.<\\/p>\\r\\n<p>If you\\u2019re a start-up, social innovator, B-corp, a for-purpose business, or simply one with the ambition to make a difference, we\\u2019d love to hear from you.<\\/p>\"}}}}}', '2017-07-14 16:39:46', '2017-07-14 16:39:46', 'c669f077-ee12-4464-9fe5-12c126871fbc'),
 ('12', '4', '3', '1', 'en_au', '3', '', '{\"typeId\":\"3\",\"authorId\":\"1\",\"title\":\"Our Story\",\"slug\":\"our-story\",\"postDate\":1499287860,\"expiryDate\":null,\"enabled\":1,\"parentId\":null,\"fields\":{\"16\":{\"5\":{\"type\":\"copy\",\"enabled\":\"1\",\"fields\":{\"text\":\"<p>We believe brands have the cultural influence and resources to change our world for the better. Big problems or small. Global or grassroots.<\\/p>\\r\\n<p>Over the past 10 years, our team has worked in Sydney, San Francisco, London and Berlin delivering world-class design and strategy for global clients, from banks, telcos and airlines to luxury brands, fashion labels and music festivals.<\\/p>\\r\\n<p>Evolving social values and technology are changing the way we live. Today\\u2019s consumers are demanding more than products and services. They want brands that are authentic, intelligent and ethical.<\\/p>\\r\\n<p>Businesses have to adapt.<\\/p>\\r\\n<p>We started Luka to use our industry experience to help those who share our worldview work towards a brighter future.<\\/p>\\r\\n<p>If you\\u2019re a start-up, social innovator, B-corp, a for-purpose business, or simply one with the ambition to make a difference, we\\u2019d love to hear from you.<\\/p>\"}},\"20\":{\"type\":\"quotes\",\"enabled\":\"1\",\"fields\":{\"quote\":\"<blockquote>We started Luka to use our industry experience to help those who share our worldview work towards a brighter future.<\\/blockquote>\\r\\n<blockquote>If you\\u2019re a start-up, social innovator, B-corp, a for-purpose business, or simply one with the ambition to make a difference, we\\u2019d love to hear from you.<\\/blockquote>\"}}}}}', '2017-07-20 16:54:05', '2017-07-20 16:54:05', '0f4276cb-370d-440c-8342-565018a8ae3b'),
 ('13', '2', '1', '1', 'en_au', '7', '', '{\"typeId\":\"1\",\"authorId\":null,\"title\":\"Home\",\"slug\":\"homepage\",\"postDate\":1499115004,\"expiryDate\":null,\"enabled\":1,\"parentId\":null,\"fields\":{\"21\":[\"6\",\"4\"]}}', '2017-07-20 16:56:46', '2017-07-20 16:56:46', 'addef49e-416d-4922-a812-e9e22b7f418a'),
 ('14', '2', '1', '1', 'en_au', '8', '', '{\"typeId\":\"1\",\"authorId\":null,\"title\":\"Home\",\"slug\":\"homepage\",\"postDate\":1499115004,\"expiryDate\":null,\"enabled\":1,\"parentId\":null,\"fields\":{\"21\":[\"4\",\"6\"]}}', '2017-07-20 16:57:28', '2017-07-20 16:57:28', 'd35624f7-ffc7-4700-b9c6-9c0ff05316c1'),
 ('15', '4', '3', '1', 'en_au', '4', '', '{\"typeId\":\"3\",\"authorId\":\"1\",\"title\":\"Our Story\",\"slug\":\"our-story\",\"postDate\":1499287860,\"expiryDate\":null,\"enabled\":1,\"parentId\":null,\"fields\":{\"16\":{\"5\":{\"type\":\"copy\",\"enabled\":\"1\",\"fields\":{\"text\":\"<p>We believe brands have the cultural influence and resources to change our world for the better. Big problems or small. Global or grassroots.<\\/p>\\r\\n<p>Over the past 10 years, our team has worked in Sydney, San Francisco, London and Berlin delivering world-class design and strategy for global clients, from banks, telcos and airlines to luxury brands, fashion labels and music festivals.<\\/p>\\r\\n<p>Evolving social values and technology are changing the way we live. Today\\u2019s consumers are demanding more than products and services. They want brands that are authentic, intelligent and ethical.<\\/p>\\r\\n<p>Businesses have to adapt.<\\/p>\\r\\n<p>We started Luka to use our industry experience to help those who share our worldview work towards a brighter future.<\\/p>\\r\\n<p>If you\\u2019re a start-up, social innovator, B-corp, a for-purpose business, or simply one with the ambition to make a difference, we\\u2019d love to hear from you.<\\/p>\"}},\"20\":{\"type\":\"quotes\",\"enabled\":\"1\",\"fields\":{\"quote\":\"<p>We started Luka to use our industry experience to help those who share our worldview work towards a brighter future.<\\/p>\\r\\n<p>If you\\u2019re a start-up, social innovator, B-corp, a for-purpose business, or simply one with the ambition to make a difference, we\\u2019d love to hear from you.<\\/p>\"}}}}}', '2017-07-20 17:07:26', '2017-07-20 17:07:26', '69e29c17-18c6-4333-a669-0cf59c561dc1'),
 ('16', '4', '3', '1', 'en_au', '5', '', '{\"typeId\":\"3\",\"authorId\":\"1\",\"title\":\"Our Story\",\"slug\":\"our-story\",\"postDate\":1499287860,\"expiryDate\":null,\"enabled\":1,\"parentId\":null,\"fields\":{\"16\":{\"5\":{\"type\":\"copy\",\"enabled\":\"1\",\"fields\":{\"text\":\"<p>We believe brands have the cultural influence and resources to change our world for the better. Big problems or small. Global or grassroots.<br><\\/p>\\r\\n<p>Over the past 10 years, our team has worked in Sydney, San Francisco, London and Berlin delivering world-class design and strategy for global clients, from banks, telcos and airlines to luxury brands, fashion labels and music festivals.<\\/p>\\r\\n<p>Evolving social values and technology are changing the way we live. Today\\u2019s consumers are demanding more than products and services. They want brands that are authentic, intelligent and ethical.<\\/p>\\r\\n<p>Businesses have to adapt.<\\/p>\\r\\n<p>We started Luka to use our industry experience to help those who share our worldview work towards a brighter future.<\\/p>\\r\\n<p>If you\\u2019re a start-up, social innovator, B-corp, a for-purpose business, or simply one with the ambition to make a difference, we\\u2019d love to hear from you.<\\/p>\\r\\n\"}}}}}', '2017-07-20 17:08:25', '2017-07-20 17:08:25', 'fc31fe96-9968-4ae2-8e88-ce69022a5837'),
 ('17', '6', '3', '1', 'en_au', '3', '', '{\"typeId\":\"3\",\"authorId\":\"1\",\"title\":\"Work\",\"slug\":\"work\",\"postDate\":1499288040,\"expiryDate\":null,\"enabled\":1,\"parentId\":null,\"fields\":{\"16\":{\"7\":{\"type\":\"copy\",\"enabled\":\"1\",\"fields\":{\"text\":\"<p>We craft meaningful ideas and experiences to build distinctive, memorable brands.<\\/p><p>The things we do best are:<\\/p>\"}},\"8\":{\"type\":\"lists\",\"enabled\":\"1\",\"fields\":{\"columnOneTitle\":\"Brand Creation\",\"columnOne\":[\"9\",\"10\",\"11\",\"12\"],\"columnTwoTitle\":\"Brand Activation\",\"columnTwo\":[\"13\",\"14\",\"15\",\"16\",\"17\",\"18\",\"19\"]}}}}}', '2017-07-20 17:09:28', '2017-07-20 17:09:28', '9099f45e-c0df-470f-8800-3869bcc84372'),
 ('18', '4', '3', '1', 'en_au', '6', '', '{\"typeId\":\"3\",\"authorId\":\"1\",\"title\":\"Our Story\",\"slug\":\"our-story\",\"postDate\":1499287860,\"expiryDate\":null,\"enabled\":1,\"parentId\":null,\"fields\":{\"16\":{\"5\":{\"type\":\"copy\",\"enabled\":\"1\",\"fields\":{\"text\":\"<p>We believe brands have the cultural influence and resources to change our world for the better. Big problems or small. Global or grassroots.<\\/p>\\r\\n<p>Over the past 10 years, our team has worked in Sydney, San Francisco, London and Berlin delivering world-class design and strategy for global clients, from banks, telcos and airlines to luxury brands, fashion labels and music festivals.<\\/p>\\r\\n<p>Evolving social values and technology are changing the way we live. Today\\u2019s consumers are demanding more than products and services. They want brands that are authentic, intelligent and ethical.<\\/p>\\r\\n<p>Businesses have to adapt.<\\/p>\\r\\n<p>We started Luka to use our industry experience to help those who share our worldview work towards a brighter future.<\\/p>\\r\\n<p>If you\\u2019re a start-up, social innovator, B-corp, a for-purpose business, or simply one with the ambition to make a difference, we\\u2019d love to hear from you.<\\/p>\"}}}}}', '2017-07-20 17:10:14', '2017-07-20 17:10:14', '90b47390-3e00-451d-9735-ec9cd17aa883'),
 ('19', '21', '3', '1', 'en_au', '1', '', '{\"typeId\":null,\"authorId\":\"1\",\"title\":\"Team\",\"slug\":\"team\",\"postDate\":1500570666,\"expiryDate\":null,\"enabled\":1,\"parentId\":null,\"fields\":{\"16\":{\"new1\":{\"type\":\"copy\",\"enabled\":\"1\",\"fields\":{\"text\":\"<p>Our team of creative activists have worked for award-winning design studios and branding agencies in Sydney, San Francisco, London and Berlin.<\\/p><p>We have a not-so-little black book of developers, animators, photographers, film-makers, illustrators, set designers and music composers that we collaborate with.<\\/p>\"}}}}}', '2017-07-20 17:11:07', '2017-07-20 17:11:07', 'e1438233-708a-4f8a-98c3-c7697b238190'),
 ('20', '23', '3', '1', 'en_au', '1', '', '{\"typeId\":null,\"authorId\":\"1\",\"title\":\"Contact\",\"slug\":\"contact\",\"postDate\":1500570926,\"expiryDate\":null,\"enabled\":1,\"parentId\":null,\"fields\":{\"16\":{\"new2\":{\"type\":\"quotes\",\"enabled\":\"1\",\"fields\":{\"quote\":\"<p>Be the change you want to see in the world<\\/p>\"}},\"new1\":{\"type\":\"copy\",\"enabled\":\"1\",\"fields\":{\"text\":\"<p>Chat to us about your idea, project or initiative.<\\/p><p><a href=\\\"mailto:hello@luka.agency\\\">hello@luka.agency<\\/a><\\/p><p>Luka Agency<br>5 Woodburn Street,<br>Redfern 2016<br>Australia<\\/p>\\r\\n<p><strong><\\/strong><a href=\\\"mailto:hello@luka.agency\\\">See our portfolio<\\/a><br><a href=\\\"https:\\/\\/www.instagram.com\\/luka.agency\\/\\\" target=\\\"_blank\\\">Follow us on Instagram<\\/a><\\/p><strong><strong>\\r\\n<\\/strong><\\/strong><p><strong><strong><\\/strong><\\/strong><\\/p>\"}}}}}', '2017-07-20 17:15:27', '2017-07-20 17:15:27', '337fa89c-41e9-4a2e-b55d-2fa98b910cf8'),
 ('21', '2', '1', '1', 'en_au', '9', '', '{\"typeId\":\"1\",\"authorId\":null,\"title\":\"Home\",\"slug\":\"homepage\",\"postDate\":1499115004,\"expiryDate\":null,\"enabled\":1,\"parentId\":null,\"fields\":{\"21\":[\"4\",\"6\",\"21\",\"23\"]}}', '2017-07-20 17:23:54', '2017-07-20 17:23:54', '237c799f-7f48-4bab-9592-18fe591ee8f6'),
 ('22', '23', '3', '1', 'en_au', '2', '', '{\"typeId\":\"3\",\"authorId\":\"1\",\"title\":\"Contact\",\"slug\":\"contact\",\"postDate\":1500570900,\"expiryDate\":null,\"enabled\":1,\"parentId\":null,\"fields\":{\"16\":{\"24\":{\"type\":\"quotes\",\"enabled\":\"1\",\"fields\":{\"quote\":\"<p>Be the change you want to see in the world<\\/p>\"}},\"25\":{\"type\":\"copy\",\"enabled\":\"1\",\"fields\":{\"text\":\"<p>Chat to us about your idea, project or initiative.<\\/p>\\r\\n<p><a href=\\\"mailto:hello@luka.agency\\\">hello@luka.agency<\\/a><\\/p>\\r\\n<p>Luka Agency<br>5 Woodburn Street,<br>Redfern 2016<br>Australia<br><\\/p>\\r\\n<p><a href=\\\"mailto:hello@luka.agency\\\">See our portfolio<\\/a><br><a href=\\\"https:\\/\\/www.instagram.com\\/luka.agency\\/\\\" target=\\\"_blank\\\" rel=\\\"noreferrer noopener\\\">Follow us on Instagram<\\/a><\\/p><p>sdfsdfsdfsdf<\\/p>\\r\\n<p><strong><strong><br><\\/strong><\\/strong><br><\\/p>\\r\\n<p><strong><\\/strong><\\/p>\"}}}}}', '2017-07-20 17:35:12', '2017-07-20 17:35:12', '4a95a43a-ea65-463b-9e39-231ba725ee37'),
 ('23', '23', '3', '1', 'en_au', '3', '', '{\"typeId\":\"3\",\"authorId\":\"1\",\"title\":\"Contact\",\"slug\":\"contact\",\"postDate\":1500570900,\"expiryDate\":null,\"enabled\":1,\"parentId\":null,\"fields\":{\"16\":{\"24\":{\"type\":\"quotes\",\"enabled\":\"1\",\"fields\":{\"quote\":\"<p>Be the change you want to see in the world<\\/p>\"}},\"25\":{\"type\":\"copy\",\"enabled\":\"1\",\"fields\":{\"text\":\"<p>Chat to us about your idea, project or initiative.<\\/p>\\r\\n<p><a href=\\\"mailto:hello@luka.agency\\\">hello@luka.agency<\\/a><\\/p>\\r\\n<address>Luka Agency<br>5 Woodburn Street,<br>Redfern 2016<br>Australia<\\/address>\\r\\n<p><a href=\\\"mailto:hello@luka.agency\\\">See our portfolio<\\/a><br><a href=\\\"https:\\/\\/www.instagram.com\\/luka.agency\\/\\\" target=\\\"_blank\\\" rel=\\\"noreferrer noopener\\\">Follow us on Instagram<\\/a><\\/p><p><br><\\/p>\\r\\n<p><\\/p>\"}}}}}', '2017-07-20 17:36:18', '2017-07-20 17:36:18', '88e66266-1396-471d-98cf-e80480b3bf5e');



DROP TABLE IF EXISTS `craft_fieldgroups`;


--
-- Schema for table `craft_fieldgroups`
--
CREATE TABLE `craft_fieldgroups` (
  `id` int(11) NOT NULL AUTO_INCREMENT,
  `name` varchar(255) COLLATE utf8_unicode_ci NOT NULL,
  `dateCreated` datetime NOT NULL,
  `dateUpdated` datetime NOT NULL,
  `uid` char(36) COLLATE utf8_unicode_ci NOT NULL DEFAULT '0',
  PRIMARY KEY (`id`),
  UNIQUE KEY `craft_fieldgroups_name_unq_idx` (`name`)
) ENGINE=InnoDB AUTO_INCREMENT=4 DEFAULT CHARSET=utf8 COLLATE=utf8_unicode_ci;

--
-- Data for table `craft_fieldgroups`
--

INSERT INTO `craft_fieldgroups` (`id`, `name`, `dateCreated`, `dateUpdated`, `uid`) VALUES
 ('2', 'Sections', '2017-07-05 19:58:07', '2017-07-05 19:58:07', 'cf922589-b433-43aa-a3e8-2c20ef733e81'),
 ('3', 'Contact', '2017-07-20 17:41:50', '2017-07-20 17:41:50', 'ebbc020a-e72a-4104-a411-85b8934e9ea4');



DROP TABLE IF EXISTS `craft_fieldlayoutfields`;


--
-- Schema for table `craft_fieldlayoutfields`
--
CREATE TABLE `craft_fieldlayoutfields` (
  `id` int(11) NOT NULL AUTO_INCREMENT,
  `layoutId` int(11) NOT NULL,
  `tabId` int(11) NOT NULL,
  `fieldId` int(11) NOT NULL,
  `required` tinyint(1) unsigned NOT NULL DEFAULT 0,
  `sortOrder` smallint(6) unsigned DEFAULT NULL,
  `dateCreated` datetime NOT NULL,
  `dateUpdated` datetime NOT NULL,
  `uid` char(36) COLLATE utf8_unicode_ci NOT NULL DEFAULT '0',
  PRIMARY KEY (`id`),
  UNIQUE KEY `craft_fieldlayoutfields_layoutId_fieldId_unq_idx` (`layoutId`,`fieldId`),
  KEY `craft_fieldlayoutfields_sortOrder_idx` (`sortOrder`),
  KEY `craft_fieldlayoutfields_tabId_fk` (`tabId`),
  KEY `craft_fieldlayoutfields_fieldId_fk` (`fieldId`)
) ENGINE=InnoDB AUTO_INCREMENT=70 DEFAULT CHARSET=utf8 COLLATE=utf8_unicode_ci;

--
-- Data for table `craft_fieldlayoutfields`
--

INSERT INTO `craft_fieldlayoutfields` (`id`, `layoutId`, `tabId`, `fieldId`, `required`, `sortOrder`, `dateCreated`, `dateUpdated`, `uid`) VALUES
 ('36', '25', '20', '21', '0', '1', '2017-07-05 20:52:18', '2017-07-05 20:52:18', 'd853306e-a3a3-440d-afac-d689bb5d7b81'),
 ('43', '29', '24', '16', '0', '1', '2017-07-05 20:57:11', '2017-07-05 20:57:11', 'c37f9f98-ea02-47e0-8f78-9fd799d2ce63'),
 ('62', '39', '34', '17', '0', '1', '2017-07-20 16:42:51', '2017-07-20 16:42:51', '790c9998-cc75-4fd3-ada9-d7955dd0879b'),
 ('63', '40', '35', '22', '0', '1', '2017-07-20 16:42:51', '2017-07-20 16:42:51', '7fe81039-2b31-49ba-9c6a-aaaea5889160'),
 ('64', '40', '35', '18', '0', '2', '2017-07-20 16:42:51', '2017-07-20 16:42:51', 'e50c474e-f5d8-4b0a-8f57-8aaa2dc5375d'),
 ('65', '40', '35', '23', '0', '3', '2017-07-20 16:42:51', '2017-07-20 16:42:51', '391a0947-b6ca-48cf-9a2a-5a9cc53f1427'),
 ('66', '40', '35', '19', '0', '4', '2017-07-20 16:42:51', '2017-07-20 16:42:51', '9dcabba9-8b45-4c9f-be13-d10935dbfad8'),
 ('67', '41', '36', '20', '0', '1', '2017-07-20 16:42:51', '2017-07-20 16:42:51', '8f82102d-7393-430b-9b95-92317b54f2e5'),
 ('68', '45', '37', '24', '0', '1', '2017-07-20 17:44:12', '2017-07-20 17:44:12', '25800775-ba32-4f65-b789-b704933dc6e1'),
 ('69', '45', '37', '25', '0', '2', '2017-07-20 17:44:12', '2017-07-20 17:44:12', '21b98bf8-df12-446a-831f-7be6c4504177');



DROP TABLE IF EXISTS `craft_fieldlayouts`;


--
-- Schema for table `craft_fieldlayouts`
--
CREATE TABLE `craft_fieldlayouts` (
  `id` int(11) NOT NULL AUTO_INCREMENT,
  `type` varchar(150) COLLATE utf8_unicode_ci NOT NULL,
  `dateCreated` datetime NOT NULL,
  `dateUpdated` datetime NOT NULL,
  `uid` char(36) COLLATE utf8_unicode_ci NOT NULL DEFAULT '0',
  PRIMARY KEY (`id`),
  KEY `craft_fieldlayouts_type_idx` (`type`)
) ENGINE=InnoDB AUTO_INCREMENT=46 DEFAULT CHARSET=utf8 COLLATE=utf8_unicode_ci;

--
-- Data for table `craft_fieldlayouts`
--

INSERT INTO `craft_fieldlayouts` (`id`, `type`, `dateCreated`, `dateUpdated`, `uid`) VALUES
 ('1', 'Tag', '2017-06-22 19:07:20', '2017-06-22 19:07:20', '34000fb7-eb4d-44d5-849a-41faf2c9c412'),
 ('25', 'Entry', '2017-07-05 20:52:18', '2017-07-05 20:52:18', '47e0a786-569d-45f1-b2b2-3b0f4630f912'),
 ('29', 'Entry', '2017-07-05 20:57:11', '2017-07-05 20:57:11', '402e4851-a1c9-4f52-bd6b-abbb3fad1c96'),
 ('39', 'MatrixBlock', '2017-07-20 16:42:51', '2017-07-20 16:42:51', '2602cc41-4326-4fe6-a2a9-7e1926894905'),
 ('40', 'MatrixBlock', '2017-07-20 16:42:51', '2017-07-20 16:42:51', '9262a9fb-6ee0-4ca0-8387-2daebddca37c'),
 ('41', 'MatrixBlock', '2017-07-20 16:42:51', '2017-07-20 16:42:51', '80b883a8-1efe-4662-8689-8b5f2359c79b'),
 ('45', 'GlobalSet', '2017-07-20 17:44:12', '2017-07-20 17:44:12', '2d926518-407a-4d20-b649-09718ec33356');



DROP TABLE IF EXISTS `craft_fieldlayouttabs`;


--
-- Schema for table `craft_fieldlayouttabs`
--
CREATE TABLE `craft_fieldlayouttabs` (
  `id` int(11) NOT NULL AUTO_INCREMENT,
  `layoutId` int(11) NOT NULL,
  `name` varchar(255) COLLATE utf8_unicode_ci NOT NULL,
  `sortOrder` smallint(6) unsigned DEFAULT NULL,
  `dateCreated` datetime NOT NULL,
  `dateUpdated` datetime NOT NULL,
  `uid` char(36) COLLATE utf8_unicode_ci NOT NULL DEFAULT '0',
  PRIMARY KEY (`id`),
  KEY `craft_fieldlayouttabs_sortOrder_idx` (`sortOrder`),
  KEY `craft_fieldlayouttabs_layoutId_fk` (`layoutId`)
) ENGINE=InnoDB AUTO_INCREMENT=38 DEFAULT CHARSET=utf8 COLLATE=utf8_unicode_ci;

--
-- Data for table `craft_fieldlayouttabs`
--

INSERT INTO `craft_fieldlayouttabs` (`id`, `layoutId`, `name`, `sortOrder`, `dateCreated`, `dateUpdated`, `uid`) VALUES
 ('20', '25', 'Order', '1', '2017-07-05 20:52:18', '2017-07-05 20:52:18', 'ddc0b2d5-f34d-43e0-8d9e-9beb0d7fa59a'),
 ('24', '29', 'Sections', '1', '2017-07-05 20:57:11', '2017-07-05 20:57:11', '8db0ac59-2cac-49f7-9187-84ad60d5fe51'),
 ('34', '39', 'Content', '1', '2017-07-20 16:42:51', '2017-07-20 16:42:51', '949c819d-5728-4cde-bee3-fe7abb6096f9'),
 ('35', '40', 'Content', '1', '2017-07-20 16:42:51', '2017-07-20 16:42:51', 'c96599cf-5a0e-4208-a6b5-1c25b4229094'),
 ('36', '41', 'Content', '1', '2017-07-20 16:42:51', '2017-07-20 16:42:51', 'd0306eaa-d1ed-438b-ad16-ea306855ce40'),
 ('37', '45', 'Content', '1', '2017-07-20 17:44:12', '2017-07-20 17:44:12', 'c3b56398-e658-47e6-a1e8-2208316ef112');



DROP TABLE IF EXISTS `craft_fields`;


--
-- Schema for table `craft_fields`
--
CREATE TABLE `craft_fields` (
  `id` int(11) NOT NULL AUTO_INCREMENT,
  `groupId` int(11) DEFAULT NULL,
  `name` varchar(255) COLLATE utf8_unicode_ci NOT NULL,
  `handle` varchar(58) COLLATE utf8_unicode_ci NOT NULL,
  `context` varchar(255) COLLATE utf8_unicode_ci NOT NULL DEFAULT 'global',
  `instructions` text COLLATE utf8_unicode_ci DEFAULT NULL,
  `translatable` tinyint(1) unsigned NOT NULL DEFAULT 0,
  `type` varchar(150) COLLATE utf8_unicode_ci NOT NULL,
  `settings` text COLLATE utf8_unicode_ci DEFAULT NULL,
  `dateCreated` datetime NOT NULL,
  `dateUpdated` datetime NOT NULL,
  `uid` char(36) COLLATE utf8_unicode_ci NOT NULL DEFAULT '0',
  PRIMARY KEY (`id`),
  UNIQUE KEY `craft_fields_handle_context_unq_idx` (`handle`,`context`),
  KEY `craft_fields_context_idx` (`context`),
  KEY `craft_fields_groupId_fk` (`groupId`)
) ENGINE=InnoDB AUTO_INCREMENT=26 DEFAULT CHARSET=utf8 COLLATE=utf8_unicode_ci;

--
-- Data for table `craft_fields`
--

INSERT INTO `craft_fields` (`id`, `groupId`, `name`, `handle`, `context`, `instructions`, `translatable`, `type`, `settings`, `dateCreated`, `dateUpdated`, `uid`) VALUES
 ('16', '2', 'Blocks', 'blocks', 'global', '', '0', 'Matrix', '{\"maxBlocks\":null}', '2017-07-05 20:11:56', '2017-07-20 16:42:51', 'f2d6c94d-3524-42b4-9491-dd9dfc2718f3'),
 ('17', NULL, 'Text', 'text', 'matrixBlockType:4', '', '0', 'RichText', '{\"configFile\":\"Simple.json\",\"availableAssetSources\":\"*\",\"availableTransforms\":\"*\",\"cleanupHtml\":\"1\",\"purifyHtml\":\"1\",\"purifierConfig\":\"\",\"columnType\":\"text\"}', '2017-07-05 20:11:56', '2017-07-20 16:42:51', 'd573edd1-f6ef-497a-b4fc-bb8382bad68b'),
 ('18', NULL, 'Column One', 'columnOne', 'matrixBlockType:5', '', '0', 'Tags', '{\"source\":\"taggroup:1\",\"selectionLabel\":\"\"}', '2017-07-05 20:11:56', '2017-07-20 16:42:51', '137bc813-1941-4992-86ef-604f33c2667d'),
 ('19', NULL, 'Column Two', 'columnTwo', 'matrixBlockType:5', '', '0', 'Tags', '{\"source\":\"taggroup:1\",\"selectionLabel\":\"\"}', '2017-07-05 20:11:56', '2017-07-20 16:42:51', '15dc1936-a1a9-4623-a536-7edd2a855c1a'),
 ('20', NULL, 'Quote', 'quote', 'matrixBlockType:6', '', '0', 'RichText', '{\"configFile\":\"Simple.json\",\"availableAssetSources\":\"*\",\"availableTransforms\":\"*\",\"cleanupHtml\":\"1\",\"purifyHtml\":\"1\",\"purifierConfig\":\"\",\"columnType\":\"text\"}', '2017-07-05 20:11:56', '2017-07-20 16:42:51', 'aea5e1c2-ddaf-4c06-973b-aed2f8c1d0a6'),
 ('21', '2', 'Order', 'order', 'global', '', '0', 'Entries', '{\"sources\":[\"section:3\"],\"limit\":\"\",\"selectionLabel\":\"\"}', '2017-07-05 20:48:58', '2017-07-05 20:48:58', '2ee2b5e3-3e21-4612-958a-1d0d9a57bcfc'),
 ('22', NULL, 'Column One Title', 'columnOneTitle', 'matrixBlockType:5', '', '0', 'PlainText', '{\"placeholder\":\"\",\"maxLength\":\"\",\"multiline\":\"\",\"initialRows\":\"4\"}', '2017-07-05 20:54:44', '2017-07-20 16:42:51', '8120ca30-11ad-4aba-86cc-8dc97511014d'),
 ('23', NULL, 'Column Two Title', 'columnTwoTitle', 'matrixBlockType:5', '', '0', 'PlainText', '{\"placeholder\":\"\",\"maxLength\":\"\",\"multiline\":\"\",\"initialRows\":\"4\"}', '2017-07-05 20:54:44', '2017-07-20 16:42:51', '2076b78f-4370-44bd-8ae6-4c5e2e302a43'),
 ('24', '3', 'General Email', 'generalEmail', 'global', '', '0', 'PlainText', '{\"placeholder\":\"hello@luka.agency\",\"maxLength\":\"\",\"multiline\":\"\",\"initialRows\":\"4\"}', '2017-07-20 17:42:48', '2017-07-20 17:42:48', 'ab37643b-1983-4152-b5ad-0088a92b7669'),
 ('25', '3', 'Instagram Link', 'instagramLink', 'global', '', '0', 'PlainText', '{\"placeholder\":\"https:\\/\\/www.instagram.com\\/luka.agency\\/\",\"maxLength\":\"\",\"multiline\":\"\",\"initialRows\":\"4\"}', '2017-07-20 17:43:34', '2017-07-20 17:43:34', 'd87c6f7b-9b7d-47a7-80e1-2caf16ff023e');



DROP TABLE IF EXISTS `craft_globalsets`;


--
-- Schema for table `craft_globalsets`
--
CREATE TABLE `craft_globalsets` (
  `id` int(11) NOT NULL,
  `name` varchar(255) COLLATE utf8_unicode_ci NOT NULL,
  `handle` varchar(255) COLLATE utf8_unicode_ci NOT NULL,
  `fieldLayoutId` int(10) DEFAULT NULL,
  `dateCreated` datetime NOT NULL,
  `dateUpdated` datetime NOT NULL,
  `uid` char(36) COLLATE utf8_unicode_ci NOT NULL DEFAULT '0',
  PRIMARY KEY (`id`),
  UNIQUE KEY `craft_globalsets_name_unq_idx` (`name`),
  UNIQUE KEY `craft_globalsets_handle_unq_idx` (`handle`),
  KEY `craft_globalsets_fieldLayoutId_fk` (`fieldLayoutId`)
) ENGINE=InnoDB DEFAULT CHARSET=utf8 COLLATE=utf8_unicode_ci;

--
-- Data for table `craft_globalsets`
--

INSERT INTO `craft_globalsets` (`id`, `name`, `handle`, `fieldLayoutId`, `dateCreated`, `dateUpdated`, `uid`) VALUES
 ('26', 'Contact', 'contact', '45', '2017-07-20 17:37:22', '2017-07-20 17:44:12', 'c14b1dee-e5e6-4468-88a1-9b105c39dcd2');



DROP TABLE IF EXISTS `craft_info`;


--
-- Schema for table `craft_info`
--
CREATE TABLE `craft_info` (
  `id` int(11) NOT NULL AUTO_INCREMENT,
  `version` varchar(50) COLLATE utf8_unicode_ci NOT NULL,
  `schemaVersion` varchar(15) COLLATE utf8_unicode_ci NOT NULL,
  `edition` tinyint(1) unsigned NOT NULL DEFAULT 0,
  `siteName` varchar(100) COLLATE utf8_unicode_ci NOT NULL,
  `siteUrl` varchar(255) COLLATE utf8_unicode_ci NOT NULL,
  `timezone` varchar(30) COLLATE utf8_unicode_ci DEFAULT NULL,
  `on` tinyint(1) unsigned NOT NULL DEFAULT 0,
  `maintenance` tinyint(1) unsigned NOT NULL DEFAULT 0,
  `dateCreated` datetime NOT NULL,
  `dateUpdated` datetime NOT NULL,
  `uid` char(36) COLLATE utf8_unicode_ci NOT NULL DEFAULT '0',
  PRIMARY KEY (`id`)
) ENGINE=InnoDB AUTO_INCREMENT=2 DEFAULT CHARSET=utf8 COLLATE=utf8_unicode_ci;

--
-- Data for table `craft_info`
--

INSERT INTO `craft_info` (`id`, `version`, `schemaVersion`, `edition`, `siteName`, `siteUrl`, `timezone`, `on`, `maintenance`, `dateCreated`, `dateUpdated`, `uid`) VALUES
 ('1', '2.6.2987', '2.6.10', '0', 'Luka', 'http://luka.dev', 'UTC', '1', '1', '2017-06-22 19:07:18', '2017-08-23 22:47:32', 'c6393ece-a001-4c4b-bf2e-e695973e0996');



DROP TABLE IF EXISTS `craft_locales`;


--
-- Schema for table `craft_locales`
--
CREATE TABLE `craft_locales` (
  `locale` char(12) COLLATE utf8_unicode_ci NOT NULL,
  `sortOrder` smallint(6) unsigned DEFAULT NULL,
  `dateCreated` datetime NOT NULL,
  `dateUpdated` datetime NOT NULL,
  `uid` char(36) COLLATE utf8_unicode_ci NOT NULL DEFAULT '0',
  PRIMARY KEY (`locale`),
  KEY `craft_locales_sortOrder_idx` (`sortOrder`)
) ENGINE=InnoDB DEFAULT CHARSET=utf8 COLLATE=utf8_unicode_ci;

--
-- Data for table `craft_locales`
--

INSERT INTO `craft_locales` (`locale`, `sortOrder`, `dateCreated`, `dateUpdated`, `uid`) VALUES
 ('en_au', '1', '2017-06-22 19:07:18', '2017-06-22 19:07:18', '1f2d8014-9486-421a-bfc8-e707d8ea422d');



DROP TABLE IF EXISTS `craft_matrixblocks`;


--
-- Schema for table `craft_matrixblocks`
--
CREATE TABLE `craft_matrixblocks` (
  `id` int(11) NOT NULL,
  `ownerId` int(11) NOT NULL,
  `fieldId` int(11) NOT NULL,
  `typeId` int(11) DEFAULT NULL,
  `sortOrder` smallint(6) unsigned DEFAULT NULL,
  `ownerLocale` char(12) COLLATE utf8_unicode_ci DEFAULT NULL,
  `dateCreated` datetime NOT NULL,
  `dateUpdated` datetime NOT NULL,
  `uid` char(36) COLLATE utf8_unicode_ci NOT NULL DEFAULT '0',
  PRIMARY KEY (`id`),
  KEY `craft_matrixblocks_ownerId_idx` (`ownerId`),
  KEY `craft_matrixblocks_fieldId_idx` (`fieldId`),
  KEY `craft_matrixblocks_typeId_idx` (`typeId`),
  KEY `craft_matrixblocks_sortOrder_idx` (`sortOrder`),
  KEY `craft_matrixblocks_ownerLocale_fk` (`ownerLocale`)
) ENGINE=InnoDB DEFAULT CHARSET=utf8 COLLATE=utf8_unicode_ci;

--
-- Data for table `craft_matrixblocks`
--

INSERT INTO `craft_matrixblocks` (`id`, `ownerId`, `fieldId`, `typeId`, `sortOrder`, `ownerLocale`, `dateCreated`, `dateUpdated`, `uid`) VALUES
 ('5', '4', '16', '4', '1', NULL, '2017-07-05 20:51:43', '2017-07-20 17:10:14', 'fc22c00d-c7aa-42ec-ad21-dfbec2d92267'),
 ('7', '6', '16', '4', '1', NULL, '2017-07-05 20:54:00', '2017-07-20 17:09:28', '53e6bdf7-2fa0-4fe3-85ea-0e97abd08dce'),
 ('8', '6', '16', '5', '2', NULL, '2017-07-05 20:54:00', '2017-07-20 17:09:28', '235cd888-1c25-4067-b392-65d3a74f6937'),
 ('22', '21', '16', '4', '1', NULL, '2017-07-20 17:11:07', '2017-07-20 17:11:07', 'e43e3b3a-16c1-4da4-85aa-8653c57ada64'),
 ('24', '23', '16', '6', '1', NULL, '2017-07-20 17:15:27', '2017-07-20 17:36:18', '4b6f1011-bb7e-40d3-9740-5eadddea14df'),
 ('25', '23', '16', '4', '2', NULL, '2017-07-20 17:15:27', '2017-07-20 17:36:18', '51a26114-eb21-405b-ade2-b7c880c3b6b2');



DROP TABLE IF EXISTS `craft_matrixblocktypes`;


--
-- Schema for table `craft_matrixblocktypes`
--
CREATE TABLE `craft_matrixblocktypes` (
  `id` int(11) NOT NULL AUTO_INCREMENT,
  `fieldId` int(11) NOT NULL,
  `fieldLayoutId` int(11) DEFAULT NULL,
  `name` varchar(255) COLLATE utf8_unicode_ci NOT NULL,
  `handle` varchar(255) COLLATE utf8_unicode_ci NOT NULL,
  `sortOrder` smallint(6) unsigned DEFAULT NULL,
  `dateCreated` datetime NOT NULL,
  `dateUpdated` datetime NOT NULL,
  `uid` char(36) COLLATE utf8_unicode_ci NOT NULL DEFAULT '0',
  PRIMARY KEY (`id`),
  UNIQUE KEY `craft_matrixblocktypes_name_fieldId_unq_idx` (`name`,`fieldId`),
  UNIQUE KEY `craft_matrixblocktypes_handle_fieldId_unq_idx` (`handle`,`fieldId`),
  KEY `craft_matrixblocktypes_fieldId_fk` (`fieldId`),
  KEY `craft_matrixblocktypes_fieldLayoutId_fk` (`fieldLayoutId`)
) ENGINE=InnoDB AUTO_INCREMENT=7 DEFAULT CHARSET=utf8 COLLATE=utf8_unicode_ci;

--
-- Data for table `craft_matrixblocktypes`
--

INSERT INTO `craft_matrixblocktypes` (`id`, `fieldId`, `fieldLayoutId`, `name`, `handle`, `sortOrder`, `dateCreated`, `dateUpdated`, `uid`) VALUES
 ('4', '16', '39', 'Copy', 'copy', '1', '2017-07-05 20:11:56', '2017-07-20 16:42:51', '27ac7720-6427-4f17-b2ff-c001af25d7e2'),
 ('5', '16', '40', 'Lists', 'lists', '2', '2017-07-05 20:11:56', '2017-07-20 16:42:51', '63b61a38-70aa-4b63-94ef-ea834ef1207d'),
 ('6', '16', '41', 'Quotes', 'quotes', '3', '2017-07-05 20:11:56', '2017-07-20 16:42:51', '5a6b49ea-185d-4621-8b3d-3bdd1d952c33');



DROP TABLE IF EXISTS `craft_matrixcontent_blocks`;


--
-- Schema for table `craft_matrixcontent_blocks`
--
CREATE TABLE `craft_matrixcontent_blocks` (
  `id` int(11) NOT NULL AUTO_INCREMENT,
  `elementId` int(11) NOT NULL,
  `locale` char(12) COLLATE utf8_unicode_ci NOT NULL,
  `field_copy_text` text COLLATE utf8_unicode_ci DEFAULT NULL,
  `field_quotes_quote` text COLLATE utf8_unicode_ci DEFAULT NULL,
  `field_lists_columnOneTitle` text COLLATE utf8_unicode_ci DEFAULT NULL,
  `field_lists_columnTwoTitle` text COLLATE utf8_unicode_ci DEFAULT NULL,
  `dateCreated` datetime NOT NULL,
  `dateUpdated` datetime NOT NULL,
  `uid` char(36) COLLATE utf8_unicode_ci NOT NULL DEFAULT '0',
  PRIMARY KEY (`id`),
  UNIQUE KEY `craft_matrixcontent_blocks_elementId_locale_unq_idx` (`elementId`,`locale`),
  KEY `craft_matrixcontent_blocks_locale_idx` (`locale`)
) ENGINE=InnoDB AUTO_INCREMENT=8 DEFAULT CHARSET=utf8 COLLATE=utf8_unicode_ci;

--
-- Data for table `craft_matrixcontent_blocks`
--

INSERT INTO `craft_matrixcontent_blocks` (`id`, `elementId`, `locale`, `field_copy_text`, `field_quotes_quote`, `field_lists_columnOneTitle`, `field_lists_columnTwoTitle`, `dateCreated`, `dateUpdated`, `uid`) VALUES
 ('1', '5', 'en_au', '<p>We believe brands have the cultural influence and resources to change our world for the better. Big problems or small. Global or grassroots.</p>\n<p>Over the past 10 years, our team has worked in Sydney, San Francisco, London and Berlin delivering world-class design and strategy for global clients, from banks, telcos and airlines to luxury brands, fashion labels and music festivals.</p>\n<p>Evolving social values and technology are changing the way we live. Todays consumers are demanding more than products and services. They want brands that are authentic, intelligent and ethical.</p>\n<p>Businesses have to adapt.</p>\n<p>We started Luka to use our industry experience to help those who share our worldview work towards a brighter future.</p>\n<p>If youre a start-up, social innovator, B-corp, a for-purpose business, or simply one with the ambition to make a difference, wed love to hear from you.</p>', NULL, NULL, NULL, '2017-07-05 20:51:43', '2017-07-20 17:10:14', 'cc005a74-5c9b-4d0a-923a-71bd68f32472'),
 ('2', '7', 'en_au', '<p>We craft meaningful ideas and experiences to build distinctive, memorable brands.</p><p>The things we do best are:</p>', NULL, NULL, NULL, '2017-07-05 20:54:00', '2017-07-20 17:09:28', '021b9872-68fb-408d-8441-1632d6ada97e'),
 ('3', '8', 'en_au', NULL, NULL, 'Brand Creation', 'Brand Activation', '2017-07-05 20:54:00', '2017-07-20 17:09:28', '46bf1453-7b97-4422-972b-d6e74f0db819'),
 ('5', '22', 'en_au', '<p>Our team of creative activists have worked for award-winning design studios and branding agencies in Sydney, San Francisco, London and Berlin.</p><p>We have a not-so-little black book of developers, animators, photographers, film-makers, illustrators, set designers and music composers that we collaborate with.</p>', NULL, NULL, NULL, '2017-07-20 17:11:06', '2017-07-20 17:11:06', '86972290-cfe4-40b6-8c54-5c575249b63d'),
 ('6', '24', 'en_au', NULL, '<p>Be the change you want to see in the world</p>', NULL, NULL, '2017-07-20 17:15:27', '2017-07-20 17:36:18', '48cec6f6-4357-4c0a-96f1-f1f58ec35dc3'),
 ('7', '25', 'en_au', '<p>Chat to us about your idea, project or initiative.</p>\n<p><a href=\"mailto:hello@luka.agency\">hello@luka.agency</a></p>\n<address>Luka Agency<br />5 Woodburn Street,<br />Redfern 2016<br />Australia</address>\n<p><a href=\"mailto:hello@luka.agency\">See our portfolio</a><br /><a href=\"https://www.instagram.com/luka.agency/\" target=\"_blank\" rel=\"noreferrer noopener\">Follow us on Instagram</a></p><p><br /></p>\n', NULL, NULL, NULL, '2017-07-20 17:15:27', '2017-07-20 17:36:18', '03da4d41-a0e5-48b6-87a3-e509472848a6');



DROP TABLE IF EXISTS `craft_migrations`;


--
-- Schema for table `craft_migrations`
--
CREATE TABLE `craft_migrations` (
  `id` int(11) NOT NULL AUTO_INCREMENT,
  `pluginId` int(11) DEFAULT NULL,
  `version` varchar(255) COLLATE utf8_unicode_ci NOT NULL,
  `applyTime` datetime NOT NULL,
  `dateCreated` datetime NOT NULL,
  `dateUpdated` datetime NOT NULL,
  `uid` char(36) COLLATE utf8_unicode_ci NOT NULL DEFAULT '0',
  PRIMARY KEY (`id`),
  UNIQUE KEY `craft_migrations_version_unq_idx` (`version`),
  KEY `craft_migrations_pluginId_fk` (`pluginId`)
) ENGINE=InnoDB AUTO_INCREMENT=42 DEFAULT CHARSET=utf8 COLLATE=utf8_unicode_ci;

--
-- Data for table `craft_migrations`
--

INSERT INTO `craft_migrations` (`id`, `pluginId`, `version`, `applyTime`, `dateCreated`, `dateUpdated`, `uid`) VALUES
 ('1', NULL, 'm000000_000000_base', '2017-06-22 19:07:18', '2017-06-22 19:07:18', '2017-06-22 19:07:18', 'a08e9a14-68b8-4698-8796-943855c33278'),
 ('2', NULL, 'm140730_000001_add_filename_and_format_to_transformindex', '2017-06-22 19:07:18', '2017-06-22 19:07:18', '2017-06-22 19:07:18', 'd4b27fc2-9948-4862-8091-aa9b85f7e662'),
 ('3', NULL, 'm140815_000001_add_format_to_transforms', '2017-06-22 19:07:18', '2017-06-22 19:07:18', '2017-06-22 19:07:18', '926b34b6-2774-42ee-879a-7b9ed8710cb1'),
 ('4', NULL, 'm140822_000001_allow_more_than_128_items_per_field', '2017-06-22 19:07:18', '2017-06-22 19:07:18', '2017-06-22 19:07:18', '1efbe41f-946f-406c-ba72-999586b34dbd'),
 ('5', NULL, 'm140829_000001_single_title_formats', '2017-06-22 19:07:18', '2017-06-22 19:07:18', '2017-06-22 19:07:18', 'c079df54-5c9c-429a-acc2-4a4d09ffe92d'),
 ('6', NULL, 'm140831_000001_extended_cache_keys', '2017-06-22 19:07:18', '2017-06-22 19:07:18', '2017-06-22 19:07:18', 'f8345cc9-6595-423d-8852-856811e212cf'),
 ('7', NULL, 'm140922_000001_delete_orphaned_matrix_blocks', '2017-06-22 19:07:18', '2017-06-22 19:07:18', '2017-06-22 19:07:18', '1e8066b7-cf94-4e36-879c-d26a2c8f88e7'),
 ('8', NULL, 'm141008_000001_elements_index_tune', '2017-06-22 19:07:18', '2017-06-22 19:07:18', '2017-06-22 19:07:18', '36513080-5ef5-47d6-abbc-e96412bcfe4a'),
 ('9', NULL, 'm141009_000001_assets_source_handle', '2017-06-22 19:07:18', '2017-06-22 19:07:18', '2017-06-22 19:07:18', '6c8a79e6-3a40-4e50-8d32-8ced860e5432'),
 ('10', NULL, 'm141024_000001_field_layout_tabs', '2017-06-22 19:07:18', '2017-06-22 19:07:18', '2017-06-22 19:07:18', '956d51e5-fd4e-4ee2-9cd3-b42ed49a2a07'),
 ('11', NULL, 'm141030_000000_plugin_schema_versions', '2017-06-22 19:07:18', '2017-06-22 19:07:18', '2017-06-22 19:07:18', '03b58fdc-ffed-432f-9e76-f1501f2c40d3'),
 ('12', NULL, 'm141030_000001_drop_structure_move_permission', '2017-06-22 19:07:18', '2017-06-22 19:07:18', '2017-06-22 19:07:18', 'cca3da74-193d-49fb-a355-8b30e74c7b1f'),
 ('13', NULL, 'm141103_000001_tag_titles', '2017-06-22 19:07:18', '2017-06-22 19:07:18', '2017-06-22 19:07:18', 'ba44753b-f10a-4374-8efb-4728dffe6abf'),
 ('14', NULL, 'm141109_000001_user_status_shuffle', '2017-06-22 19:07:18', '2017-06-22 19:07:18', '2017-06-22 19:07:18', '3b045161-1431-484b-8fa0-aea006388ce5'),
 ('15', NULL, 'm141126_000001_user_week_start_day', '2017-06-22 19:07:18', '2017-06-22 19:07:18', '2017-06-22 19:07:18', '42b3275c-2fa9-4526-97d5-df6158d7e56a'),
 ('16', NULL, 'm150210_000001_adjust_user_photo_size', '2017-06-22 19:07:18', '2017-06-22 19:07:18', '2017-06-22 19:07:18', 'f0a2fd23-6097-458e-89a2-1d95f4541fe2'),
 ('17', NULL, 'm150724_000001_adjust_quality_settings', '2017-06-22 19:07:18', '2017-06-22 19:07:18', '2017-06-22 19:07:18', '9868cc6c-87b9-4818-a2c4-d27c1c2c2be2'),
 ('18', NULL, 'm150827_000000_element_index_settings', '2017-06-22 19:07:18', '2017-06-22 19:07:18', '2017-06-22 19:07:18', '759f0935-b213-451e-9dbf-6d1b435527a9'),
 ('19', NULL, 'm150918_000001_add_colspan_to_widgets', '2017-06-22 19:07:18', '2017-06-22 19:07:18', '2017-06-22 19:07:18', 'f48c0aa5-47b6-419f-9dee-f65628e54958'),
 ('20', NULL, 'm151007_000000_clear_asset_caches', '2017-06-22 19:07:18', '2017-06-22 19:07:18', '2017-06-22 19:07:18', 'f95b4635-a324-44d3-9549-fc50912e6a93'),
 ('21', NULL, 'm151109_000000_text_url_formats', '2017-06-22 19:07:18', '2017-06-22 19:07:18', '2017-06-22 19:07:18', '4da576c7-52a1-4fbe-9be7-a74c6ae7df51'),
 ('22', NULL, 'm151110_000000_move_logo', '2017-06-22 19:07:18', '2017-06-22 19:07:18', '2017-06-22 19:07:18', 'bc2617ce-7134-446d-81a6-36cbca6f0b25'),
 ('23', NULL, 'm151117_000000_adjust_image_widthheight', '2017-06-22 19:07:18', '2017-06-22 19:07:18', '2017-06-22 19:07:18', 'ab73d77f-64b1-4154-b705-35a4bd30e2d5'),
 ('24', NULL, 'm151127_000000_clear_license_key_status', '2017-06-22 19:07:18', '2017-06-22 19:07:18', '2017-06-22 19:07:18', '7de429c2-f96c-4ede-b1ab-46ff3d478582'),
 ('25', NULL, 'm151127_000000_plugin_license_keys', '2017-06-22 19:07:18', '2017-06-22 19:07:18', '2017-06-22 19:07:18', 'c1eac007-3646-4a03-8548-f12d5a46d5b5'),
 ('26', NULL, 'm151130_000000_update_pt_widget_feeds', '2017-06-22 19:07:18', '2017-06-22 19:07:18', '2017-06-22 19:07:18', '76c7222d-854e-491b-ae06-982675911793'),
 ('27', NULL, 'm160114_000000_asset_sources_public_url_default_true', '2017-06-22 19:07:18', '2017-06-22 19:07:18', '2017-06-22 19:07:18', 'b20bb17e-ff1d-4674-bf0e-d6bbf1aa76f7'),
 ('28', NULL, 'm160223_000000_sortorder_to_smallint', '2017-06-22 19:07:18', '2017-06-22 19:07:18', '2017-06-22 19:07:18', 'a2683142-c6a5-495c-b3d9-142a931e60a4'),
 ('29', NULL, 'm160229_000000_set_default_entry_statuses', '2017-06-22 19:07:18', '2017-06-22 19:07:18', '2017-06-22 19:07:18', '53eee036-8013-49bd-a159-0e0e26f4c0fd'),
 ('30', NULL, 'm160304_000000_client_permissions', '2017-06-22 19:07:18', '2017-06-22 19:07:18', '2017-06-22 19:07:18', 'a2ff6650-e5d3-4ed5-98a2-4bd17f87ade1'),
 ('31', NULL, 'm160322_000000_asset_filesize', '2017-06-22 19:07:18', '2017-06-22 19:07:18', '2017-06-22 19:07:18', 'f7bdd91d-7dbf-4c62-b8c6-30620eb134b6'),
 ('32', NULL, 'm160503_000000_orphaned_fieldlayouts', '2017-06-22 19:07:18', '2017-06-22 19:07:18', '2017-06-22 19:07:18', '0fedec4b-44a4-44a9-9628-8a3ebd05d871'),
 ('33', NULL, 'm160510_000000_tasksettings', '2017-06-22 19:07:18', '2017-06-22 19:07:18', '2017-06-22 19:07:18', '40e86efa-be92-4af2-96b1-cee943227d78'),
 ('34', NULL, 'm160829_000000_pending_user_content_cleanup', '2017-06-22 19:07:18', '2017-06-22 19:07:18', '2017-06-22 19:07:18', '2145935f-ffaf-4879-86ee-e02ab56aa5cf'),
 ('35', NULL, 'm160830_000000_asset_index_uri_increase', '2017-06-22 19:07:18', '2017-06-22 19:07:18', '2017-06-22 19:07:18', 'e921209a-47da-437b-a5fc-c24b4605b601'),
 ('36', NULL, 'm160919_000000_usergroup_handle_title_unique', '2017-06-22 19:07:18', '2017-06-22 19:07:18', '2017-06-22 19:07:18', '4ef81097-32ff-4b41-9724-f56de19afefb'),
 ('37', NULL, 'm161108_000000_new_version_format', '2017-06-22 19:07:18', '2017-06-22 19:07:18', '2017-06-22 19:07:18', '8e993a8d-29b5-4e89-ae9d-25d3e351fd49'),
 ('38', NULL, 'm161109_000000_index_shuffle', '2017-06-22 19:07:18', '2017-06-22 19:07:18', '2017-06-22 19:07:18', '68663fa4-e712-498b-a024-409267d43869'),
 ('39', '1', 'm160117_000000_reasons_addFieldLayoutIdColumn', '2017-06-22 19:56:18', '2017-06-22 19:56:18', '2017-06-22 19:56:18', 'd5927991-a4b5-440f-826b-130c1cd0c9db'),
 ('40', '2', 'm150901_144609_superTable_fixForContentTables', '2017-06-22 19:56:20', '2017-06-22 19:56:20', '2017-06-22 19:56:20', 'ac15bcbf-dd08-4504-9a74-2ffe8d589583'),
 ('41', NULL, 'm170612_000000_route_index_shuffle', '2017-07-02 07:25:27', '2017-07-02 07:25:27', '2017-07-02 07:25:27', '3bfe2b9e-1e3a-4ea2-bf93-17714b254792');



DROP TABLE IF EXISTS `craft_plugins`;


--
-- Schema for table `craft_plugins`
--
CREATE TABLE `craft_plugins` (
  `id` int(11) NOT NULL AUTO_INCREMENT,
  `class` varchar(150) COLLATE utf8_unicode_ci NOT NULL,
  `version` varchar(15) COLLATE utf8_unicode_ci NOT NULL,
  `schemaVersion` varchar(15) COLLATE utf8_unicode_ci DEFAULT NULL,
  `licenseKey` char(24) COLLATE utf8_unicode_ci DEFAULT NULL,
  `licenseKeyStatus` enum('valid','invalid','mismatched','unknown') COLLATE utf8_unicode_ci NOT NULL DEFAULT 'unknown',
  `enabled` tinyint(1) unsigned NOT NULL DEFAULT 0,
  `settings` text COLLATE utf8_unicode_ci DEFAULT NULL,
  `installDate` datetime NOT NULL,
  `dateCreated` datetime NOT NULL,
  `dateUpdated` datetime NOT NULL,
  `uid` char(36) COLLATE utf8_unicode_ci NOT NULL DEFAULT '0',
  PRIMARY KEY (`id`)
) ENGINE=InnoDB AUTO_INCREMENT=3 DEFAULT CHARSET=utf8 COLLATE=utf8_unicode_ci;

--
-- Data for table `craft_plugins`
--

INSERT INTO `craft_plugins` (`id`, `class`, `version`, `schemaVersion`, `licenseKey`, `licenseKeyStatus`, `enabled`, `settings`, `installDate`, `dateCreated`, `dateUpdated`, `uid`) VALUES
 ('1', 'Reasons', '1.0.10', '1.1', NULL, 'unknown', '1', NULL, '2017-06-22 19:56:18', '2017-06-22 19:56:18', '2017-08-23 22:47:30', 'c0f1a5cf-9436-4374-9bb4-56772343826d'),
 ('2', 'SuperTable', '1.0.5', '1.0.0', NULL, 'unknown', '1', NULL, '2017-06-22 19:56:20', '2017-06-22 19:56:20', '2017-08-23 22:47:30', '0766d77d-0400-49f5-83c1-c0e322278982');



DROP TABLE IF EXISTS `craft_rackspaceaccess`;


--
-- Schema for table `craft_rackspaceaccess`
--
CREATE TABLE `craft_rackspaceaccess` (
  `id` int(11) NOT NULL AUTO_INCREMENT,
  `connectionKey` varchar(255) COLLATE utf8_unicode_ci NOT NULL,
  `token` varchar(255) COLLATE utf8_unicode_ci NOT NULL,
  `storageUrl` varchar(255) COLLATE utf8_unicode_ci NOT NULL,
  `cdnUrl` varchar(255) COLLATE utf8_unicode_ci NOT NULL,
  `dateCreated` datetime NOT NULL,
  `dateUpdated` datetime NOT NULL,
  `uid` char(36) COLLATE utf8_unicode_ci NOT NULL DEFAULT '0',
  PRIMARY KEY (`id`),
  UNIQUE KEY `craft_rackspaceaccess_connectionKey_unq_idx` (`connectionKey`)
) ENGINE=InnoDB DEFAULT CHARSET=utf8 COLLATE=utf8_unicode_ci;

DROP TABLE IF EXISTS `craft_reasons`;


--
-- Schema for table `craft_reasons`
--
CREATE TABLE `craft_reasons` (
  `id` int(11) NOT NULL AUTO_INCREMENT,
  `fieldLayoutId` int(10) DEFAULT NULL,
  `conditionals` text COLLATE utf8_unicode_ci DEFAULT NULL,
  `dateCreated` datetime NOT NULL,
  `dateUpdated` datetime NOT NULL,
  `uid` char(36) COLLATE utf8_unicode_ci NOT NULL DEFAULT '0',
  PRIMARY KEY (`id`),
  KEY `craft_reasons_fieldLayoutId_fk` (`fieldLayoutId`)
) ENGINE=InnoDB DEFAULT CHARSET=utf8 COLLATE=utf8_unicode_ci;

DROP TABLE IF EXISTS `craft_relations`;


--
-- Schema for table `craft_relations`
--
CREATE TABLE `craft_relations` (
  `id` int(11) NOT NULL AUTO_INCREMENT,
  `fieldId` int(11) NOT NULL,
  `sourceId` int(11) NOT NULL,
  `sourceLocale` char(12) COLLATE utf8_unicode_ci DEFAULT NULL,
  `targetId` int(11) NOT NULL,
  `sortOrder` smallint(6) DEFAULT NULL,
  `dateCreated` datetime NOT NULL,
  `dateUpdated` datetime NOT NULL,
  `uid` char(36) COLLATE utf8_unicode_ci NOT NULL DEFAULT '0',
  PRIMARY KEY (`id`),
  UNIQUE KEY `craft_relations_fieldId_sourceId_sourceLocale_targetId_unq_idx` (`fieldId`,`sourceId`,`sourceLocale`,`targetId`),
  KEY `craft_relations_sourceId_fk` (`sourceId`),
  KEY `craft_relations_sourceLocale_fk` (`sourceLocale`),
  KEY `craft_relations_targetId_fk` (`targetId`)
) ENGINE=InnoDB AUTO_INCREMENT=33 DEFAULT CHARSET=utf8 COLLATE=utf8_unicode_ci;

--
-- Data for table `craft_relations`
--

INSERT INTO `craft_relations` (`id`, `fieldId`, `sourceId`, `sourceLocale`, `targetId`, `sortOrder`, `dateCreated`, `dateUpdated`, `uid`) VALUES
 ('18', '18', '8', NULL, '9', '1', '2017-07-20 17:09:28', '2017-07-20 17:09:28', '7fa38008-1fbe-4ec3-ac8c-13be0cba87d0'),
 ('19', '18', '8', NULL, '10', '2', '2017-07-20 17:09:28', '2017-07-20 17:09:28', 'e9344bbb-d800-469b-95a1-bd5277c51bf5'),
 ('20', '18', '8', NULL, '11', '3', '2017-07-20 17:09:28', '2017-07-20 17:09:28', 'b11daece-32ef-4f0a-b31e-cdc96d58e067'),
 ('21', '18', '8', NULL, '12', '4', '2017-07-20 17:09:28', '2017-07-20 17:09:28', '9fa2bc46-d407-42b4-836f-ace8fc84967b'),
 ('22', '19', '8', NULL, '13', '1', '2017-07-20 17:09:28', '2017-07-20 17:09:28', '98025342-d24b-43ff-93c9-a773cba0ddad'),
 ('23', '19', '8', NULL, '14', '2', '2017-07-20 17:09:28', '2017-07-20 17:09:28', 'cecff783-9b29-417f-b145-5853816d5ce4'),
 ('24', '19', '8', NULL, '15', '3', '2017-07-20 17:09:28', '2017-07-20 17:09:28', 'c428d854-b033-4d0f-a44e-83c1ee9bf8cc'),
 ('25', '19', '8', NULL, '16', '4', '2017-07-20 17:09:28', '2017-07-20 17:09:28', 'ba60987b-4f85-44ca-82dc-9b3a5531ee67'),
 ('26', '19', '8', NULL, '17', '5', '2017-07-20 17:09:28', '2017-07-20 17:09:28', 'f23a95ca-f02d-4c9e-b556-21d42904cedd'),
 ('27', '19', '8', NULL, '18', '6', '2017-07-20 17:09:28', '2017-07-20 17:09:28', '1ac54ed3-81ef-4e05-9b02-8b1653504a82'),
 ('28', '19', '8', NULL, '19', '7', '2017-07-20 17:09:28', '2017-07-20 17:09:28', '32abdc32-3d81-4bef-bb95-8a9002d876d9'),
 ('29', '21', '2', NULL, '4', '1', '2017-07-20 17:23:54', '2017-07-20 17:23:54', '3253e0ef-2661-4c39-ab96-5e2d33810f9a'),
 ('30', '21', '2', NULL, '6', '2', '2017-07-20 17:23:54', '2017-07-20 17:23:54', '5934c482-a881-4003-b213-73d29468eb4f'),
 ('31', '21', '2', NULL, '21', '3', '2017-07-20 17:23:54', '2017-07-20 17:23:54', '30d8fd36-3bc7-46b1-abc7-1515a3565cee'),
 ('32', '21', '2', NULL, '23', '4', '2017-07-20 17:23:54', '2017-07-20 17:23:54', '0059b9a8-0339-4c11-b6b6-606efe72db03');



DROP TABLE IF EXISTS `craft_routes`;


--
-- Schema for table `craft_routes`
--
CREATE TABLE `craft_routes` (
  `id` int(11) NOT NULL AUTO_INCREMENT,
  `locale` char(12) COLLATE utf8_unicode_ci DEFAULT NULL,
  `urlParts` varchar(255) COLLATE utf8_unicode_ci NOT NULL,
  `urlPattern` varchar(255) COLLATE utf8_unicode_ci NOT NULL,
  `template` varchar(255) COLLATE utf8_unicode_ci NOT NULL,
  `sortOrder` smallint(6) unsigned DEFAULT NULL,
  `dateCreated` datetime NOT NULL,
  `dateUpdated` datetime NOT NULL,
  `uid` char(36) COLLATE utf8_unicode_ci NOT NULL DEFAULT '0',
  PRIMARY KEY (`id`),
  KEY `craft_routes_locale_idx` (`locale`),
  KEY `craft_routes_urlPattern_idx` (`urlPattern`)
) ENGINE=InnoDB DEFAULT CHARSET=utf8 COLLATE=utf8_unicode_ci;

DROP TABLE IF EXISTS `craft_searchindex`;


--
-- Schema for table `craft_searchindex`
--
CREATE TABLE `craft_searchindex` (
  `elementId` int(11) NOT NULL,
  `attribute` varchar(25) COLLATE utf8_unicode_ci NOT NULL,
  `fieldId` int(11) NOT NULL,
  `locale` char(12) COLLATE utf8_unicode_ci NOT NULL,
  `keywords` text COLLATE utf8_unicode_ci NOT NULL,
  PRIMARY KEY (`elementId`,`attribute`,`fieldId`,`locale`),
  FULLTEXT KEY `craft_searchindex_keywords_idx` (`keywords`)
) ENGINE=MyISAM DEFAULT CHARSET=utf8 COLLATE=utf8_unicode_ci;

--
-- Data for table `craft_searchindex`
--

INSERT INTO `craft_searchindex` (`elementId`, `attribute`, `fieldId`, `locale`, `keywords`) VALUES
 ('1', 'username', '0', 'en_au', ' admin '),
 ('1', 'firstname', '0', 'en_au', ''),
 ('1', 'lastname', '0', 'en_au', ''),
 ('1', 'fullname', '0', 'en_au', ''),
 ('1', 'email', '0', 'en_au', ' williamflrussell gmail com '),
 ('1', 'slug', '0', 'en_au', ''),
 ('2', 'slug', '0', 'en_au', ' homepage '),
 ('2', 'title', '0', 'en_au', ' home '),
 ('2', 'field', '1', 'en_au', ' it s true this site doesn t have a whole lot of content yet but don t worry our web developers have just installed the cms and they re setting things up for the content editors this very moment soon luka dev will be an oasis of fresh perspectives sharp analyses and astute opinions that will keep you coming back again and again '),
 ('4', 'field', '16', 'en_au', ' we believe brands have the cultural influence and resources to change our world for the better big problems or small global or grassroots over the past 10 years our team has worked in sydney san francisco london and berlin delivering world class design and strategy for global clients from banks telcos and airlines to luxury brands fashion labels and music festivals evolving social values and technology are changing the way we live today s consumers are demanding more than products and services they want brands that are authentic intelligent and ethical businesses have to adapt we started luka to use our industry experience to help those who share our worldview work towards a brighter future if you re a start up social innovator b corp a for purpose business or simply one with the ambition to make a difference we d love to hear from you '),
 ('4', 'slug', '0', 'en_au', ' our story '),
 ('4', 'title', '0', 'en_au', ' our story '),
 ('5', 'field', '17', 'en_au', ' we believe brands have the cultural influence and resources to change our world for the better big problems or small global or grassroots over the past 10 years our team has worked in sydney san francisco london and berlin delivering world class design and strategy for global clients from banks telcos and airlines to luxury brands fashion labels and music festivals evolving social values and technology are changing the way we live today s consumers are demanding more than products and services they want brands that are authentic intelligent and ethical businesses have to adapt we started luka to use our industry experience to help those who share our worldview work towards a brighter future if you re a start up social innovator b corp a for purpose business or simply one with the ambition to make a difference we d love to hear from you '),
 ('5', 'slug', '0', 'en_au', ''),
 ('6', 'field', '16', 'en_au', ' we craft meaningful ideas and experiences to build distinctive memorable brands the things we do best are brand strategy naming visual and verbal identity brand guidelines brand creation print design digital design environments art direction moving image experiential design campaigns brand activation '),
 ('6', 'slug', '0', 'en_au', ' work '),
 ('6', 'title', '0', 'en_au', ' work '),
 ('7', 'field', '17', 'en_au', ' we craft meaningful ideas and experiences to build distinctive memorable brands the things we do best are '),
 ('7', 'slug', '0', 'en_au', ''),
 ('8', 'field', '18', 'en_au', ' brand strategy naming visual and verbal identity brand guidelines '),
 ('8', 'field', '19', 'en_au', ' print design digital design environments art direction moving image experiential design campaigns '),
 ('8', 'slug', '0', 'en_au', ''),
 ('9', 'name', '0', 'en_au', ' brand strategy '),
 ('9', 'slug', '0', 'en_au', ' brand strategy '),
 ('9', 'title', '0', 'en_au', ' brand strategy '),
 ('10', 'name', '0', 'en_au', ' naming '),
 ('10', 'slug', '0', 'en_au', ' naming '),
 ('10', 'title', '0', 'en_au', ' naming '),
 ('11', 'name', '0', 'en_au', ' visual and verbal identity '),
 ('11', 'slug', '0', 'en_au', ' visual and verbal identity '),
 ('11', 'title', '0', 'en_au', ' visual and verbal identity '),
 ('12', 'name', '0', 'en_au', ' brand guidelines '),
 ('12', 'slug', '0', 'en_au', ' brand guidelines '),
 ('12', 'title', '0', 'en_au', ' brand guidelines '),
 ('13', 'name', '0', 'en_au', ' print design '),
 ('13', 'slug', '0', 'en_au', ' print design '),
 ('13', 'title', '0', 'en_au', ' print design '),
 ('14', 'name', '0', 'en_au', ' digital design '),
 ('14', 'slug', '0', 'en_au', ' digital design '),
 ('14', 'title', '0', 'en_au', ' digital design '),
 ('15', 'name', '0', 'en_au', ' environments '),
 ('15', 'slug', '0', 'en_au', ' environments '),
 ('15', 'title', '0', 'en_au', ' environments '),
 ('16', 'name', '0', 'en_au', ' art direction '),
 ('16', 'slug', '0', 'en_au', ' art direction '),
 ('16', 'title', '0', 'en_au', ' art direction '),
 ('17', 'name', '0', 'en_au', ' moving image '),
 ('17', 'slug', '0', 'en_au', ' moving image '),
 ('17', 'title', '0', 'en_au', ' moving image '),
 ('18', 'name', '0', 'en_au', ' experiential design '),
 ('18', 'slug', '0', 'en_au', ' experiential design '),
 ('18', 'title', '0', 'en_au', ' experiential design '),
 ('19', 'name', '0', 'en_au', ' campaigns '),
 ('19', 'slug', '0', 'en_au', ' campaigns '),
 ('19', 'title', '0', 'en_au', ' campaigns '),
 ('8', 'field', '22', 'en_au', ' brand creation '),
 ('8', 'field', '23', 'en_au', ' brand activation '),
 ('2', 'field', '21', 'en_au', ' our story work team contact '),
 ('21', 'slug', '0', 'en_au', ' team '),
 ('21', 'title', '0', 'en_au', ' team '),
 ('22', 'field', '17', 'en_au', ' our team of creative activists have worked for award winning design studios and branding agencies in sydney san francisco london and berlin we have a not so little black book of developers animators photographers film makers illustrators set designers and music composers that we collaborate with '),
 ('21', 'field', '16', 'en_au', ' our team of creative activists have worked for award winning design studios and branding agencies in sydney san francisco london and berlin we have a not so little black book of developers animators photographers film makers illustrators set designers and music composers that we collaborate with '),
 ('22', 'slug', '0', 'en_au', ''),
 ('23', 'field', '16', 'en_au', ' be the change you want to see in the world chat to us about your idea project or initiative hello luka agency luka agency5 woodburn street redfern 2016australia see our portfoliofollow us on instagram '),
 ('23', 'slug', '0', 'en_au', ' contact '),
 ('23', 'title', '0', 'en_au', ' contact '),
 ('24', 'field', '20', 'en_au', ' be the change you want to see in the world '),
 ('24', 'slug', '0', 'en_au', ''),
 ('25', 'field', '17', 'en_au', ' chat to us about your idea project or initiative hello luka agency luka agency5 woodburn street redfern 2016australia see our portfoliofollow us on instagram '),
 ('25', 'slug', '0', 'en_au', ''),
 ('26', 'slug', '0', 'en_au', ''),
 ('26', 'field', '25', 'en_au', ' https www instagram com luka agency '),
 ('26', 'field', '24', 'en_au', ' hello luka agency ');



DROP TABLE IF EXISTS `craft_sections`;


--
-- Schema for table `craft_sections`
--
CREATE TABLE `craft_sections` (
  `id` int(11) NOT NULL AUTO_INCREMENT,
  `structureId` int(11) DEFAULT NULL,
  `name` varchar(255) COLLATE utf8_unicode_ci NOT NULL,
  `handle` varchar(255) COLLATE utf8_unicode_ci NOT NULL,
  `type` enum('single','channel','structure') COLLATE utf8_unicode_ci NOT NULL DEFAULT 'channel',
  `hasUrls` tinyint(1) unsigned NOT NULL DEFAULT 1,
  `template` varchar(500) COLLATE utf8_unicode_ci DEFAULT NULL,
  `enableVersioning` tinyint(1) unsigned NOT NULL DEFAULT 0,
  `dateCreated` datetime NOT NULL,
  `dateUpdated` datetime NOT NULL,
  `uid` char(36) COLLATE utf8_unicode_ci NOT NULL DEFAULT '0',
  PRIMARY KEY (`id`),
  UNIQUE KEY `craft_sections_name_unq_idx` (`name`),
  UNIQUE KEY `craft_sections_handle_unq_idx` (`handle`),
  KEY `craft_sections_structureId_fk` (`structureId`)
) ENGINE=InnoDB AUTO_INCREMENT=5 DEFAULT CHARSET=utf8 COLLATE=utf8_unicode_ci;

--
-- Data for table `craft_sections`
--

INSERT INTO `craft_sections` (`id`, `structureId`, `name`, `handle`, `type`, `hasUrls`, `template`, `enableVersioning`, `dateCreated`, `dateUpdated`, `uid`) VALUES
 ('1', NULL, 'Home', 'home', 'single', '1', 'home/index', '1', '2017-06-22 19:07:21', '2017-07-03 20:50:04', '689a1a0a-0021-4716-a183-05bd8a9c4236'),
 ('3', NULL, 'Sections', 'sections', 'channel', '0', NULL, '1', '2017-07-05 19:49:11', '2017-07-05 19:49:11', '3dce5f02-b497-4110-923a-72df063f08ab');



DROP TABLE IF EXISTS `craft_sections_i18n`;


--
-- Schema for table `craft_sections_i18n`
--
CREATE TABLE `craft_sections_i18n` (
  `id` int(11) NOT NULL AUTO_INCREMENT,
  `sectionId` int(11) NOT NULL,
  `locale` char(12) COLLATE utf8_unicode_ci NOT NULL,
  `enabledByDefault` tinyint(1) unsigned NOT NULL DEFAULT 1,
  `urlFormat` text COLLATE utf8_unicode_ci DEFAULT NULL,
  `nestedUrlFormat` text COLLATE utf8_unicode_ci DEFAULT NULL,
  `dateCreated` datetime NOT NULL,
  `dateUpdated` datetime NOT NULL,
  `uid` char(36) COLLATE utf8_unicode_ci NOT NULL DEFAULT '0',
  PRIMARY KEY (`id`),
  UNIQUE KEY `craft_sections_i18n_sectionId_locale_unq_idx` (`sectionId`,`locale`),
  KEY `craft_sections_i18n_locale_fk` (`locale`)
) ENGINE=InnoDB AUTO_INCREMENT=5 DEFAULT CHARSET=utf8 COLLATE=utf8_unicode_ci;

--
-- Data for table `craft_sections_i18n`
--

INSERT INTO `craft_sections_i18n` (`id`, `sectionId`, `locale`, `enabledByDefault`, `urlFormat`, `nestedUrlFormat`, `dateCreated`, `dateUpdated`, `uid`) VALUES
 ('1', '1', 'en_au', '1', '__home__', NULL, '2017-06-22 19:07:21', '2017-06-22 19:07:21', 'ae5b63b2-af28-4042-bea5-8c4aaac302ee'),
 ('3', '3', 'en_au', '1', NULL, NULL, '2017-07-05 19:49:11', '2017-07-05 19:49:11', '680ffbae-9c18-4b53-8df2-e7a2bdae0c5e');



DROP TABLE IF EXISTS `craft_sessions`;


--
-- Schema for table `craft_sessions`
--
CREATE TABLE `craft_sessions` (
  `id` int(11) NOT NULL AUTO_INCREMENT,
  `userId` int(11) NOT NULL,
  `token` char(100) COLLATE utf8_unicode_ci NOT NULL,
  `dateCreated` datetime NOT NULL,
  `dateUpdated` datetime NOT NULL,
  `uid` char(36) COLLATE utf8_unicode_ci NOT NULL DEFAULT '0',
  PRIMARY KEY (`id`),
  KEY `craft_sessions_uid_idx` (`uid`),
  KEY `craft_sessions_token_idx` (`token`),
  KEY `craft_sessions_dateUpdated_idx` (`dateUpdated`),
  KEY `craft_sessions_userId_fk` (`userId`)
) ENGINE=InnoDB AUTO_INCREMENT=5 DEFAULT CHARSET=utf8 COLLATE=utf8_unicode_ci;

DROP TABLE IF EXISTS `craft_shunnedmessages`;


--
-- Schema for table `craft_shunnedmessages`
--
CREATE TABLE `craft_shunnedmessages` (
  `id` int(11) NOT NULL AUTO_INCREMENT,
  `userId` int(11) NOT NULL,
  `message` varchar(255) COLLATE utf8_unicode_ci NOT NULL,
  `expiryDate` datetime DEFAULT NULL,
  `dateCreated` datetime NOT NULL,
  `dateUpdated` datetime NOT NULL,
  `uid` char(36) COLLATE utf8_unicode_ci NOT NULL DEFAULT '0',
  PRIMARY KEY (`id`),
  UNIQUE KEY `craft_shunnedmessages_userId_message_unq_idx` (`userId`,`message`)
) ENGINE=InnoDB DEFAULT CHARSET=utf8 COLLATE=utf8_unicode_ci;

DROP TABLE IF EXISTS `craft_structureelements`;


--
-- Schema for table `craft_structureelements`
--
CREATE TABLE `craft_structureelements` (
  `id` int(11) NOT NULL AUTO_INCREMENT,
  `structureId` int(11) NOT NULL,
  `elementId` int(11) DEFAULT NULL,
  `root` int(11) unsigned DEFAULT NULL,
  `lft` int(11) unsigned NOT NULL,
  `rgt` int(11) unsigned NOT NULL,
  `level` smallint(6) unsigned NOT NULL,
  `dateCreated` datetime NOT NULL,
  `dateUpdated` datetime NOT NULL,
  `uid` char(36) COLLATE utf8_unicode_ci NOT NULL DEFAULT '0',
  PRIMARY KEY (`id`),
  UNIQUE KEY `craft_structureelements_structureId_elementId_unq_idx` (`structureId`,`elementId`),
  KEY `craft_structureelements_root_idx` (`root`),
  KEY `craft_structureelements_lft_idx` (`lft`),
  KEY `craft_structureelements_rgt_idx` (`rgt`),
  KEY `craft_structureelements_level_idx` (`level`),
  KEY `craft_structureelements_elementId_fk` (`elementId`)
) ENGINE=InnoDB DEFAULT CHARSET=utf8 COLLATE=utf8_unicode_ci;

DROP TABLE IF EXISTS `craft_structures`;


--
-- Schema for table `craft_structures`
--
CREATE TABLE `craft_structures` (
  `id` int(11) NOT NULL AUTO_INCREMENT,
  `maxLevels` smallint(6) unsigned DEFAULT NULL,
  `dateCreated` datetime NOT NULL,
  `dateUpdated` datetime NOT NULL,
  `uid` char(36) COLLATE utf8_unicode_ci NOT NULL DEFAULT '0',
  PRIMARY KEY (`id`)
) ENGINE=InnoDB DEFAULT CHARSET=utf8 COLLATE=utf8_unicode_ci;

DROP TABLE IF EXISTS `craft_supertableblocks`;


--
-- Schema for table `craft_supertableblocks`
--
CREATE TABLE `craft_supertableblocks` (
  `id` int(11) NOT NULL,
  `ownerId` int(11) NOT NULL,
  `fieldId` int(11) NOT NULL,
  `typeId` int(11) DEFAULT NULL,
  `sortOrder` smallint(6) unsigned DEFAULT NULL,
  `ownerLocale` char(12) COLLATE utf8_unicode_ci DEFAULT NULL,
  `dateCreated` datetime NOT NULL,
  `dateUpdated` datetime NOT NULL,
  `uid` char(36) COLLATE utf8_unicode_ci NOT NULL DEFAULT '0',
  PRIMARY KEY (`id`),
  KEY `craft_supertableblocks_ownerId_idx` (`ownerId`),
  KEY `craft_supertableblocks_fieldId_idx` (`fieldId`),
  KEY `craft_supertableblocks_typeId_idx` (`typeId`),
  KEY `craft_supertableblocks_sortOrder_idx` (`sortOrder`),
  KEY `craft_supertableblocks_ownerLocale_fk` (`ownerLocale`)
) ENGINE=InnoDB DEFAULT CHARSET=utf8 COLLATE=utf8_unicode_ci;

DROP TABLE IF EXISTS `craft_supertableblocktypes`;


--
-- Schema for table `craft_supertableblocktypes`
--
CREATE TABLE `craft_supertableblocktypes` (
  `id` int(11) NOT NULL AUTO_INCREMENT,
  `fieldId` int(11) NOT NULL,
  `fieldLayoutId` int(11) DEFAULT NULL,
  `dateCreated` datetime NOT NULL,
  `dateUpdated` datetime NOT NULL,
  `uid` char(36) COLLATE utf8_unicode_ci NOT NULL DEFAULT '0',
  PRIMARY KEY (`id`),
  KEY `craft_supertableblocktypes_fieldId_fk` (`fieldId`),
  KEY `craft_supertableblocktypes_fieldLayoutId_fk` (`fieldLayoutId`)
) ENGINE=InnoDB AUTO_INCREMENT=3 DEFAULT CHARSET=utf8 COLLATE=utf8_unicode_ci;

DROP TABLE IF EXISTS `craft_systemsettings`;


--
-- Schema for table `craft_systemsettings`
--
CREATE TABLE `craft_systemsettings` (
  `id` int(11) NOT NULL AUTO_INCREMENT,
  `category` varchar(15) COLLATE utf8_unicode_ci NOT NULL,
  `settings` text COLLATE utf8_unicode_ci DEFAULT NULL,
  `dateCreated` datetime NOT NULL,
  `dateUpdated` datetime NOT NULL,
  `uid` char(36) COLLATE utf8_unicode_ci NOT NULL DEFAULT '0',
  PRIMARY KEY (`id`),
  UNIQUE KEY `craft_systemsettings_category_unq_idx` (`category`)
) ENGINE=InnoDB AUTO_INCREMENT=2 DEFAULT CHARSET=utf8 COLLATE=utf8_unicode_ci;

--
-- Data for table `craft_systemsettings`
--

INSERT INTO `craft_systemsettings` (`id`, `category`, `settings`, `dateCreated`, `dateUpdated`, `uid`) VALUES
 ('1', 'email', '{\"protocol\":\"php\",\"emailAddress\":\"williamflrussell@gmail.com\",\"senderName\":\"Luka\"}', '2017-06-22 19:07:20', '2017-06-22 19:07:20', '17cbe282-e3fb-4a06-80b5-5e8f7d858aad');



DROP TABLE IF EXISTS `craft_taggroups`;


--
-- Schema for table `craft_taggroups`
--
CREATE TABLE `craft_taggroups` (
  `id` int(11) NOT NULL AUTO_INCREMENT,
  `name` varchar(255) COLLATE utf8_unicode_ci NOT NULL,
  `handle` varchar(255) COLLATE utf8_unicode_ci NOT NULL,
  `fieldLayoutId` int(10) DEFAULT NULL,
  `dateCreated` datetime NOT NULL,
  `dateUpdated` datetime NOT NULL,
  `uid` char(36) COLLATE utf8_unicode_ci NOT NULL DEFAULT '0',
  PRIMARY KEY (`id`),
  UNIQUE KEY `craft_taggroups_name_unq_idx` (`name`),
  UNIQUE KEY `craft_taggroups_handle_unq_idx` (`handle`),
  KEY `craft_taggroups_fieldLayoutId_fk` (`fieldLayoutId`)
) ENGINE=InnoDB AUTO_INCREMENT=2 DEFAULT CHARSET=utf8 COLLATE=utf8_unicode_ci;

--
-- Data for table `craft_taggroups`
--

INSERT INTO `craft_taggroups` (`id`, `name`, `handle`, `fieldLayoutId`, `dateCreated`, `dateUpdated`, `uid`) VALUES
 ('1', 'Default', 'default', '1', '2017-06-22 19:07:20', '2017-06-22 19:07:20', '5a31d146-32b5-49d1-8d74-70ea6a4c22da');



DROP TABLE IF EXISTS `craft_tags`;


--
-- Schema for table `craft_tags`
--
CREATE TABLE `craft_tags` (
  `id` int(11) NOT NULL,
  `groupId` int(11) NOT NULL,
  `dateCreated` datetime NOT NULL,
  `dateUpdated` datetime NOT NULL,
  `uid` char(36) COLLATE utf8_unicode_ci NOT NULL DEFAULT '0',
  PRIMARY KEY (`id`),
  KEY `craft_tags_groupId_fk` (`groupId`)
) ENGINE=InnoDB DEFAULT CHARSET=utf8 COLLATE=utf8_unicode_ci;

--
-- Data for table `craft_tags`
--

INSERT INTO `craft_tags` (`id`, `groupId`, `dateCreated`, `dateUpdated`, `uid`) VALUES
 ('9', '1', '2017-07-05 20:55:26', '2017-07-05 20:55:26', '53f5822e-ad97-44ff-9aa9-0ed8597241ad'),
 ('10', '1', '2017-07-05 20:55:30', '2017-07-05 20:55:30', 'ef5b17ae-bcc7-44b7-b91e-b1865e7baa43'),
 ('11', '1', '2017-07-05 20:55:36', '2017-07-05 20:55:36', '9aac96e4-f09c-467f-9de6-fece3142c088'),
 ('12', '1', '2017-07-05 20:55:41', '2017-07-05 20:55:41', '97ddf673-a959-4c53-88bd-0076b65273e7'),
 ('13', '1', '2017-07-05 20:55:48', '2017-07-05 20:55:48', '6e7cdc60-187e-42e2-8e1f-5d4600240351'),
 ('14', '1', '2017-07-05 20:55:52', '2017-07-05 20:55:52', 'd3efac1f-83ae-4c4f-acf7-e3dcfdb2c688'),
 ('15', '1', '2017-07-05 20:55:56', '2017-07-05 20:55:56', '2d89aa12-5ac1-4f1b-86c4-f3bafcb872bd'),
 ('16', '1', '2017-07-05 20:56:00', '2017-07-05 20:56:00', '20a6329c-fbda-491e-b69b-2d1379499e97'),
 ('17', '1', '2017-07-05 20:56:05', '2017-07-05 20:56:05', 'e33e8cdd-d92f-43cb-844a-07692958e2bf'),
 ('18', '1', '2017-07-05 20:56:10', '2017-07-05 20:56:10', '9e178d85-7097-4fe8-9a87-6e040435a7a8'),
 ('19', '1', '2017-07-05 20:56:15', '2017-07-05 20:56:15', '86ed6690-a1f8-4685-8975-f0a043e08999');



DROP TABLE IF EXISTS `craft_tasks`;


--
-- Schema for table `craft_tasks`
--
CREATE TABLE `craft_tasks` (
  `id` int(11) NOT NULL AUTO_INCREMENT,
  `root` int(11) unsigned DEFAULT NULL,
  `lft` int(11) unsigned NOT NULL,
  `rgt` int(11) unsigned NOT NULL,
  `level` smallint(6) unsigned NOT NULL,
  `currentStep` int(11) unsigned DEFAULT NULL,
  `totalSteps` int(11) unsigned DEFAULT NULL,
  `status` enum('pending','error','running') COLLATE utf8_unicode_ci DEFAULT NULL,
  `type` varchar(150) COLLATE utf8_unicode_ci NOT NULL,
  `description` varchar(255) COLLATE utf8_unicode_ci DEFAULT NULL,
  `settings` mediumtext COLLATE utf8_unicode_ci DEFAULT NULL,
  `dateCreated` datetime NOT NULL,
  `dateUpdated` datetime NOT NULL,
  `uid` char(36) COLLATE utf8_unicode_ci NOT NULL DEFAULT '0',
  PRIMARY KEY (`id`),
  KEY `craft_tasks_root_idx` (`root`),
  KEY `craft_tasks_lft_idx` (`lft`),
  KEY `craft_tasks_rgt_idx` (`rgt`),
  KEY `craft_tasks_level_idx` (`level`)
) ENGINE=InnoDB AUTO_INCREMENT=30 DEFAULT CHARSET=utf8 COLLATE=utf8_unicode_ci;

DROP TABLE IF EXISTS `craft_templatecachecriteria`;


--
-- Schema for table `craft_templatecachecriteria`
--
CREATE TABLE `craft_templatecachecriteria` (
  `id` int(11) NOT NULL AUTO_INCREMENT,
  `cacheId` int(11) NOT NULL,
  `type` varchar(150) COLLATE utf8_unicode_ci NOT NULL,
  `criteria` text COLLATE utf8_unicode_ci NOT NULL,
  PRIMARY KEY (`id`),
  KEY `craft_templatecachecriteria_cacheId_fk` (`cacheId`),
  KEY `craft_templatecachecriteria_type_idx` (`type`)
) ENGINE=InnoDB DEFAULT CHARSET=utf8 COLLATE=utf8_unicode_ci;

DROP TABLE IF EXISTS `craft_templatecacheelements`;


--
-- Schema for table `craft_templatecacheelements`
--
CREATE TABLE `craft_templatecacheelements` (
  `cacheId` int(11) NOT NULL,
  `elementId` int(11) NOT NULL,
  KEY `craft_templatecacheelements_cacheId_fk` (`cacheId`),
  KEY `craft_templatecacheelements_elementId_fk` (`elementId`)
) ENGINE=InnoDB DEFAULT CHARSET=utf8 COLLATE=utf8_unicode_ci;

DROP TABLE IF EXISTS `craft_templatecaches`;


--
-- Schema for table `craft_templatecaches`
--
CREATE TABLE `craft_templatecaches` (
  `id` int(11) NOT NULL AUTO_INCREMENT,
  `cacheKey` varchar(255) COLLATE utf8_unicode_ci NOT NULL,
  `locale` char(12) COLLATE utf8_unicode_ci NOT NULL,
  `path` varchar(255) COLLATE utf8_unicode_ci DEFAULT NULL,
  `expiryDate` datetime NOT NULL,
  `body` mediumtext COLLATE utf8_unicode_ci NOT NULL,
  PRIMARY KEY (`id`),
  KEY `craft_templatecaches_expiryDate_cacheKey_locale_path_idx` (`expiryDate`,`cacheKey`,`locale`,`path`),
  KEY `craft_templatecaches_locale_fk` (`locale`)
) ENGINE=InnoDB DEFAULT CHARSET=utf8 COLLATE=utf8_unicode_ci;

DROP TABLE IF EXISTS `craft_tokens`;


--
-- Schema for table `craft_tokens`
--
CREATE TABLE `craft_tokens` (
  `id` int(11) NOT NULL AUTO_INCREMENT,
  `token` char(32) COLLATE utf8_unicode_ci NOT NULL,
  `route` text COLLATE utf8_unicode_ci DEFAULT NULL,
  `usageLimit` tinyint(3) unsigned DEFAULT NULL,
  `usageCount` tinyint(3) unsigned DEFAULT NULL,
  `expiryDate` datetime NOT NULL,
  `dateCreated` datetime NOT NULL,
  `dateUpdated` datetime NOT NULL,
  `uid` char(36) COLLATE utf8_unicode_ci NOT NULL DEFAULT '0',
  PRIMARY KEY (`id`),
  UNIQUE KEY `craft_tokens_token_unq_idx` (`token`),
  KEY `craft_tokens_expiryDate_idx` (`expiryDate`)
) ENGINE=InnoDB DEFAULT CHARSET=utf8 COLLATE=utf8_unicode_ci;

DROP TABLE IF EXISTS `craft_usergroups`;


--
-- Schema for table `craft_usergroups`
--
CREATE TABLE `craft_usergroups` (
  `id` int(11) NOT NULL AUTO_INCREMENT,
  `name` varchar(255) COLLATE utf8_unicode_ci NOT NULL,
  `handle` varchar(255) COLLATE utf8_unicode_ci NOT NULL,
  `dateCreated` datetime NOT NULL,
  `dateUpdated` datetime NOT NULL,
  `uid` char(36) COLLATE utf8_unicode_ci NOT NULL DEFAULT '0',
  PRIMARY KEY (`id`),
  UNIQUE KEY `craft_usergroups_name_unq_idx` (`name`),
  UNIQUE KEY `craft_usergroups_handle_unq_idx` (`handle`)
) ENGINE=InnoDB DEFAULT CHARSET=utf8 COLLATE=utf8_unicode_ci;

DROP TABLE IF EXISTS `craft_usergroups_users`;


--
-- Schema for table `craft_usergroups_users`
--
CREATE TABLE `craft_usergroups_users` (
  `id` int(11) NOT NULL AUTO_INCREMENT,
  `groupId` int(11) NOT NULL,
  `userId` int(11) NOT NULL,
  `dateCreated` datetime NOT NULL,
  `dateUpdated` datetime NOT NULL,
  `uid` char(36) COLLATE utf8_unicode_ci NOT NULL DEFAULT '0',
  PRIMARY KEY (`id`),
  UNIQUE KEY `craft_usergroups_users_groupId_userId_unq_idx` (`groupId`,`userId`),
  KEY `craft_usergroups_users_userId_fk` (`userId`)
) ENGINE=InnoDB DEFAULT CHARSET=utf8 COLLATE=utf8_unicode_ci;

DROP TABLE IF EXISTS `craft_userpermissions`;


--
-- Schema for table `craft_userpermissions`
--
CREATE TABLE `craft_userpermissions` (
  `id` int(11) NOT NULL AUTO_INCREMENT,
  `name` varchar(255) COLLATE utf8_unicode_ci NOT NULL,
  `dateCreated` datetime NOT NULL,
  `dateUpdated` datetime NOT NULL,
  `uid` char(36) COLLATE utf8_unicode_ci NOT NULL DEFAULT '0',
  PRIMARY KEY (`id`),
  UNIQUE KEY `craft_userpermissions_name_unq_idx` (`name`)
) ENGINE=InnoDB DEFAULT CHARSET=utf8 COLLATE=utf8_unicode_ci;

DROP TABLE IF EXISTS `craft_userpermissions_usergroups`;


--
-- Schema for table `craft_userpermissions_usergroups`
--
CREATE TABLE `craft_userpermissions_usergroups` (
  `id` int(11) NOT NULL AUTO_INCREMENT,
  `permissionId` int(11) NOT NULL,
  `groupId` int(11) NOT NULL,
  `dateCreated` datetime NOT NULL,
  `dateUpdated` datetime NOT NULL,
  `uid` char(36) COLLATE utf8_unicode_ci NOT NULL DEFAULT '0',
  PRIMARY KEY (`id`),
  UNIQUE KEY `craft_userpermissions_usergroups_permissionId_groupId_unq_idx` (`permissionId`,`groupId`),
  KEY `craft_userpermissions_usergroups_groupId_fk` (`groupId`)
) ENGINE=InnoDB DEFAULT CHARSET=utf8 COLLATE=utf8_unicode_ci;

DROP TABLE IF EXISTS `craft_userpermissions_users`;


--
-- Schema for table `craft_userpermissions_users`
--
CREATE TABLE `craft_userpermissions_users` (
  `id` int(11) NOT NULL AUTO_INCREMENT,
  `permissionId` int(11) NOT NULL,
  `userId` int(11) NOT NULL,
  `dateCreated` datetime NOT NULL,
  `dateUpdated` datetime NOT NULL,
  `uid` char(36) COLLATE utf8_unicode_ci NOT NULL DEFAULT '0',
  PRIMARY KEY (`id`),
  UNIQUE KEY `craft_userpermissions_users_permissionId_userId_unq_idx` (`permissionId`,`userId`),
  KEY `craft_userpermissions_users_userId_fk` (`userId`)
) ENGINE=InnoDB DEFAULT CHARSET=utf8 COLLATE=utf8_unicode_ci;

DROP TABLE IF EXISTS `craft_users`;


--
-- Schema for table `craft_users`
--
CREATE TABLE `craft_users` (
  `id` int(11) NOT NULL,
  `username` varchar(100) COLLATE utf8_unicode_ci NOT NULL,
  `photo` varchar(100) COLLATE utf8_unicode_ci DEFAULT NULL,
  `firstName` varchar(100) COLLATE utf8_unicode_ci DEFAULT NULL,
  `lastName` varchar(100) COLLATE utf8_unicode_ci DEFAULT NULL,
  `email` varchar(255) COLLATE utf8_unicode_ci NOT NULL,
  `password` char(255) COLLATE utf8_unicode_ci DEFAULT NULL,
  `preferredLocale` char(12) COLLATE utf8_unicode_ci DEFAULT NULL,
  `weekStartDay` tinyint(1) unsigned NOT NULL DEFAULT 0,
  `admin` tinyint(1) unsigned NOT NULL DEFAULT 0,
  `client` tinyint(1) unsigned NOT NULL DEFAULT 0,
  `locked` tinyint(1) unsigned NOT NULL DEFAULT 0,
  `suspended` tinyint(1) unsigned NOT NULL DEFAULT 0,
  `pending` tinyint(1) unsigned NOT NULL DEFAULT 0,
  `archived` tinyint(1) unsigned NOT NULL DEFAULT 0,
  `lastLoginDate` datetime DEFAULT NULL,
  `lastLoginAttemptIPAddress` varchar(45) COLLATE utf8_unicode_ci DEFAULT NULL,
  `invalidLoginWindowStart` datetime DEFAULT NULL,
  `invalidLoginCount` tinyint(4) unsigned DEFAULT NULL,
  `lastInvalidLoginDate` datetime DEFAULT NULL,
  `lockoutDate` datetime DEFAULT NULL,
  `verificationCode` char(100) COLLATE utf8_unicode_ci DEFAULT NULL,
  `verificationCodeIssuedDate` datetime DEFAULT NULL,
  `unverifiedEmail` varchar(255) COLLATE utf8_unicode_ci DEFAULT NULL,
  `passwordResetRequired` tinyint(1) unsigned NOT NULL DEFAULT 0,
  `lastPasswordChangeDate` datetime DEFAULT NULL,
  `dateCreated` datetime NOT NULL,
  `dateUpdated` datetime NOT NULL,
  `uid` char(36) COLLATE utf8_unicode_ci NOT NULL DEFAULT '0',
  PRIMARY KEY (`id`),
  UNIQUE KEY `craft_users_username_unq_idx` (`username`),
  UNIQUE KEY `craft_users_email_unq_idx` (`email`),
  KEY `craft_users_verificationCode_idx` (`verificationCode`),
  KEY `craft_users_uid_idx` (`uid`),
  KEY `craft_users_preferredLocale_fk` (`preferredLocale`)
) ENGINE=InnoDB DEFAULT CHARSET=utf8 COLLATE=utf8_unicode_ci;

--
-- Data for table `craft_users`
--

INSERT INTO `craft_users` (`id`, `username`, `photo`, `firstName`, `lastName`, `email`, `password`, `preferredLocale`, `weekStartDay`, `admin`, `client`, `locked`, `suspended`, `pending`, `archived`, `lastLoginDate`, `lastLoginAttemptIPAddress`, `invalidLoginWindowStart`, `invalidLoginCount`, `lastInvalidLoginDate`, `lockoutDate`, `verificationCode`, `verificationCodeIssuedDate`, `unverifiedEmail`, `passwordResetRequired`, `lastPasswordChangeDate`, `dateCreated`, `dateUpdated`, `uid`) VALUES
 ('1', 'admin', NULL, NULL, NULL, 'williamflrussell@gmail.com', '$2y$13$RMlWMV.XoXQokI6ogiT6L.aq9M2Y6JqhaZaNtzHww1oiOkLlWzuii', NULL, '0', '1', '0', '0', '0', '0', '0', '2017-08-23 22:47:14', '127.0.0.1', NULL, NULL, NULL, NULL, NULL, NULL, NULL, '0', '2017-06-22 19:07:18', '2017-06-22 19:07:18', '2017-08-23 22:47:14', '7d09dfef-1c0f-4f1e-a583-48fbf7018182');



DROP TABLE IF EXISTS `craft_widgets`;


--
-- Schema for table `craft_widgets`
--
CREATE TABLE `craft_widgets` (
  `id` int(11) NOT NULL AUTO_INCREMENT,
  `userId` int(11) NOT NULL,
  `type` varchar(150) COLLATE utf8_unicode_ci NOT NULL,
  `sortOrder` smallint(6) unsigned DEFAULT NULL,
  `colspan` tinyint(4) unsigned DEFAULT NULL,
  `settings` text COLLATE utf8_unicode_ci DEFAULT NULL,
  `enabled` tinyint(1) unsigned NOT NULL DEFAULT 1,
  `dateCreated` datetime NOT NULL,
  `dateUpdated` datetime NOT NULL,
  `uid` char(36) COLLATE utf8_unicode_ci NOT NULL DEFAULT '0',
  PRIMARY KEY (`id`),
  KEY `craft_widgets_userId_fk` (`userId`)
) ENGINE=InnoDB AUTO_INCREMENT=5 DEFAULT CHARSET=utf8 COLLATE=utf8_unicode_ci;

--
-- Data for table `craft_widgets`
--

INSERT INTO `craft_widgets` (`id`, `userId`, `type`, `sortOrder`, `colspan`, `settings`, `enabled`, `dateCreated`, `dateUpdated`, `uid`) VALUES
 ('1', '1', 'RecentEntries', '1', NULL, NULL, '1', '2017-06-22 19:07:24', '2017-06-22 19:07:24', '70404b45-0def-458b-93e6-bfa3eebedced'),
 ('2', '1', 'GetHelp', '2', NULL, NULL, '1', '2017-06-22 19:07:24', '2017-06-22 19:07:24', '975f1052-cdcd-4824-89d9-5c68ad60c362'),
 ('3', '1', 'Updates', '3', NULL, NULL, '1', '2017-06-22 19:07:24', '2017-06-22 19:07:24', '7a582ea6-ca4c-449e-b8df-07e1f36d7399'),
 ('4', '1', 'Feed', '4', NULL, '{\"url\":\"https:\\/\\/craftcms.com\\/news.rss\",\"title\":\"Craft News\"}', '1', '2017-06-22 19:07:24', '2017-06-22 19:07:24', '9e71eeb4-fe03-4a78-86ad-bf071a9a5b90');


--
-- Constraints for tables
--


--
-- Constraints for table `craft_assetfiles`
--
ALTER TABLE `craft_assetfiles`
	ADD CONSTRAINT `craft_assetfiles_folderId_fk` FOREIGN KEY (`folderId`) REFERENCES `craft_assetfolders` (`id`) ON DELETE CASCADE,
	ADD CONSTRAINT `craft_assetfiles_id_fk` FOREIGN KEY (`id`) REFERENCES `craft_elements` (`id`) ON DELETE CASCADE,
	ADD CONSTRAINT `craft_assetfiles_sourceId_fk` FOREIGN KEY (`sourceId`) REFERENCES `craft_assetsources` (`id`) ON DELETE CASCADE;

--
-- Constraints for table `craft_assetfolders`
--
ALTER TABLE `craft_assetfolders`
	ADD CONSTRAINT `craft_assetfolders_parentId_fk` FOREIGN KEY (`parentId`) REFERENCES `craft_assetfolders` (`id`) ON DELETE CASCADE,
	ADD CONSTRAINT `craft_assetfolders_sourceId_fk` FOREIGN KEY (`sourceId`) REFERENCES `craft_assetsources` (`id`) ON DELETE CASCADE;

--
-- Constraints for table `craft_assetindexdata`
--
ALTER TABLE `craft_assetindexdata`
	ADD CONSTRAINT `craft_assetindexdata_sourceId_fk` FOREIGN KEY (`sourceId`) REFERENCES `craft_assetsources` (`id`) ON DELETE CASCADE;

--
-- Constraints for table `craft_assetsources`
--
ALTER TABLE `craft_assetsources`
	ADD CONSTRAINT `craft_assetsources_fieldLayoutId_fk` FOREIGN KEY (`fieldLayoutId`) REFERENCES `craft_fieldlayouts` (`id`) ON DELETE SET NULL;

--
-- Constraints for table `craft_categories`
--
ALTER TABLE `craft_categories`
	ADD CONSTRAINT `craft_categories_groupId_fk` FOREIGN KEY (`groupId`) REFERENCES `craft_categorygroups` (`id`) ON DELETE CASCADE,
	ADD CONSTRAINT `craft_categories_id_fk` FOREIGN KEY (`id`) REFERENCES `craft_elements` (`id`) ON DELETE CASCADE;

--
-- Constraints for table `craft_categorygroups`
--
ALTER TABLE `craft_categorygroups`
	ADD CONSTRAINT `craft_categorygroups_fieldLayoutId_fk` FOREIGN KEY (`fieldLayoutId`) REFERENCES `craft_fieldlayouts` (`id`) ON DELETE SET NULL,
	ADD CONSTRAINT `craft_categorygroups_structureId_fk` FOREIGN KEY (`structureId`) REFERENCES `craft_structures` (`id`) ON DELETE CASCADE;

--
-- Constraints for table `craft_categorygroups_i18n`
--
ALTER TABLE `craft_categorygroups_i18n`
	ADD CONSTRAINT `craft_categorygroups_i18n_groupId_fk` FOREIGN KEY (`groupId`) REFERENCES `craft_categorygroups` (`id`) ON DELETE CASCADE,
	ADD CONSTRAINT `craft_categorygroups_i18n_locale_fk` FOREIGN KEY (`locale`) REFERENCES `craft_locales` (`locale`) ON DELETE CASCADE ON UPDATE CASCADE;

--
-- Constraints for table `craft_content`
--
ALTER TABLE `craft_content`
	ADD CONSTRAINT `craft_content_elementId_fk` FOREIGN KEY (`elementId`) REFERENCES `craft_elements` (`id`) ON DELETE CASCADE,
	ADD CONSTRAINT `craft_content_locale_fk` FOREIGN KEY (`locale`) REFERENCES `craft_locales` (`locale`) ON DELETE CASCADE ON UPDATE CASCADE;

--
-- Constraints for table `craft_elements_i18n`
--
ALTER TABLE `craft_elements_i18n`
	ADD CONSTRAINT `craft_elements_i18n_elementId_fk` FOREIGN KEY (`elementId`) REFERENCES `craft_elements` (`id`) ON DELETE CASCADE,
	ADD CONSTRAINT `craft_elements_i18n_locale_fk` FOREIGN KEY (`locale`) REFERENCES `craft_locales` (`locale`) ON DELETE CASCADE ON UPDATE CASCADE;

--
-- Constraints for table `craft_emailmessages`
--
ALTER TABLE `craft_emailmessages`
	ADD CONSTRAINT `craft_emailmessages_locale_fk` FOREIGN KEY (`locale`) REFERENCES `craft_locales` (`locale`) ON DELETE CASCADE ON UPDATE CASCADE;

--
-- Constraints for table `craft_entries`
--
ALTER TABLE `craft_entries`
	ADD CONSTRAINT `craft_entries_authorId_fk` FOREIGN KEY (`authorId`) REFERENCES `craft_users` (`id`) ON DELETE CASCADE,
	ADD CONSTRAINT `craft_entries_id_fk` FOREIGN KEY (`id`) REFERENCES `craft_elements` (`id`) ON DELETE CASCADE,
	ADD CONSTRAINT `craft_entries_sectionId_fk` FOREIGN KEY (`sectionId`) REFERENCES `craft_sections` (`id`) ON DELETE CASCADE,
	ADD CONSTRAINT `craft_entries_typeId_fk` FOREIGN KEY (`typeId`) REFERENCES `craft_entrytypes` (`id`) ON DELETE CASCADE;

--
-- Constraints for table `craft_entrydrafts`
--
ALTER TABLE `craft_entrydrafts`
	ADD CONSTRAINT `craft_entrydrafts_creatorId_fk` FOREIGN KEY (`creatorId`) REFERENCES `craft_users` (`id`) ON DELETE CASCADE,
	ADD CONSTRAINT `craft_entrydrafts_entryId_fk` FOREIGN KEY (`entryId`) REFERENCES `craft_entries` (`id`) ON DELETE CASCADE,
	ADD CONSTRAINT `craft_entrydrafts_locale_fk` FOREIGN KEY (`locale`) REFERENCES `craft_locales` (`locale`) ON DELETE CASCADE ON UPDATE CASCADE,
	ADD CONSTRAINT `craft_entrydrafts_sectionId_fk` FOREIGN KEY (`sectionId`) REFERENCES `craft_sections` (`id`) ON DELETE CASCADE;

--
-- Constraints for table `craft_entrytypes`
--
ALTER TABLE `craft_entrytypes`
	ADD CONSTRAINT `craft_entrytypes_fieldLayoutId_fk` FOREIGN KEY (`fieldLayoutId`) REFERENCES `craft_fieldlayouts` (`id`) ON DELETE SET NULL,
	ADD CONSTRAINT `craft_entrytypes_sectionId_fk` FOREIGN KEY (`sectionId`) REFERENCES `craft_sections` (`id`) ON DELETE CASCADE;

--
-- Constraints for table `craft_entryversions`
--
ALTER TABLE `craft_entryversions`
	ADD CONSTRAINT `craft_entryversions_creatorId_fk` FOREIGN KEY (`creatorId`) REFERENCES `craft_users` (`id`) ON DELETE SET NULL,
	ADD CONSTRAINT `craft_entryversions_entryId_fk` FOREIGN KEY (`entryId`) REFERENCES `craft_entries` (`id`) ON DELETE CASCADE,
	ADD CONSTRAINT `craft_entryversions_locale_fk` FOREIGN KEY (`locale`) REFERENCES `craft_locales` (`locale`) ON DELETE CASCADE ON UPDATE CASCADE,
	ADD CONSTRAINT `craft_entryversions_sectionId_fk` FOREIGN KEY (`sectionId`) REFERENCES `craft_sections` (`id`) ON DELETE CASCADE;

--
-- Constraints for table `craft_fieldlayoutfields`
--
ALTER TABLE `craft_fieldlayoutfields`
	ADD CONSTRAINT `craft_fieldlayoutfields_fieldId_fk` FOREIGN KEY (`fieldId`) REFERENCES `craft_fields` (`id`) ON DELETE CASCADE,
	ADD CONSTRAINT `craft_fieldlayoutfields_layoutId_fk` FOREIGN KEY (`layoutId`) REFERENCES `craft_fieldlayouts` (`id`) ON DELETE CASCADE,
	ADD CONSTRAINT `craft_fieldlayoutfields_tabId_fk` FOREIGN KEY (`tabId`) REFERENCES `craft_fieldlayouttabs` (`id`) ON DELETE CASCADE;

--
-- Constraints for table `craft_fieldlayouttabs`
--
ALTER TABLE `craft_fieldlayouttabs`
	ADD CONSTRAINT `craft_fieldlayouttabs_layoutId_fk` FOREIGN KEY (`layoutId`) REFERENCES `craft_fieldlayouts` (`id`) ON DELETE CASCADE;

--
-- Constraints for table `craft_fields`
--
ALTER TABLE `craft_fields`
	ADD CONSTRAINT `craft_fields_groupId_fk` FOREIGN KEY (`groupId`) REFERENCES `craft_fieldgroups` (`id`) ON DELETE CASCADE;

--
-- Constraints for table `craft_globalsets`
--
ALTER TABLE `craft_globalsets`
	ADD CONSTRAINT `craft_globalsets_fieldLayoutId_fk` FOREIGN KEY (`fieldLayoutId`) REFERENCES `craft_fieldlayouts` (`id`) ON DELETE SET NULL,
	ADD CONSTRAINT `craft_globalsets_id_fk` FOREIGN KEY (`id`) REFERENCES `craft_elements` (`id`) ON DELETE CASCADE;

--
-- Constraints for table `craft_matrixblocks`
--
ALTER TABLE `craft_matrixblocks`
	ADD CONSTRAINT `craft_matrixblocks_fieldId_fk` FOREIGN KEY (`fieldId`) REFERENCES `craft_fields` (`id`) ON DELETE CASCADE,
	ADD CONSTRAINT `craft_matrixblocks_id_fk` FOREIGN KEY (`id`) REFERENCES `craft_elements` (`id`) ON DELETE CASCADE,
	ADD CONSTRAINT `craft_matrixblocks_ownerId_fk` FOREIGN KEY (`ownerId`) REFERENCES `craft_elements` (`id`) ON DELETE CASCADE,
	ADD CONSTRAINT `craft_matrixblocks_ownerLocale_fk` FOREIGN KEY (`ownerLocale`) REFERENCES `craft_locales` (`locale`) ON DELETE CASCADE ON UPDATE CASCADE,
	ADD CONSTRAINT `craft_matrixblocks_typeId_fk` FOREIGN KEY (`typeId`) REFERENCES `craft_matrixblocktypes` (`id`) ON DELETE CASCADE;

--
-- Constraints for table `craft_matrixblocktypes`
--
ALTER TABLE `craft_matrixblocktypes`
	ADD CONSTRAINT `craft_matrixblocktypes_fieldId_fk` FOREIGN KEY (`fieldId`) REFERENCES `craft_fields` (`id`) ON DELETE CASCADE,
	ADD CONSTRAINT `craft_matrixblocktypes_fieldLayoutId_fk` FOREIGN KEY (`fieldLayoutId`) REFERENCES `craft_fieldlayouts` (`id`) ON DELETE SET NULL;

--
-- Constraints for table `craft_matrixcontent_blocks`
--
ALTER TABLE `craft_matrixcontent_blocks`
	ADD CONSTRAINT `craft_matrixcontent_blocks_elementId_fk` FOREIGN KEY (`elementId`) REFERENCES `craft_elements` (`id`) ON DELETE CASCADE,
	ADD CONSTRAINT `craft_matrixcontent_blocks_locale_fk` FOREIGN KEY (`locale`) REFERENCES `craft_locales` (`locale`) ON DELETE CASCADE ON UPDATE CASCADE;

--
-- Constraints for table `craft_migrations`
--
ALTER TABLE `craft_migrations`
	ADD CONSTRAINT `craft_migrations_pluginId_fk` FOREIGN KEY (`pluginId`) REFERENCES `craft_plugins` (`id`) ON DELETE CASCADE;

--
-- Constraints for table `craft_reasons`
--
ALTER TABLE `craft_reasons`
	ADD CONSTRAINT `craft_reasons_fieldLayoutId_fk` FOREIGN KEY (`fieldLayoutId`) REFERENCES `craft_fieldlayouts` (`id`) ON DELETE CASCADE;

--
-- Constraints for table `craft_relations`
--
ALTER TABLE `craft_relations`
	ADD CONSTRAINT `craft_relations_fieldId_fk` FOREIGN KEY (`fieldId`) REFERENCES `craft_fields` (`id`) ON DELETE CASCADE,
	ADD CONSTRAINT `craft_relations_sourceId_fk` FOREIGN KEY (`sourceId`) REFERENCES `craft_elements` (`id`) ON DELETE CASCADE,
	ADD CONSTRAINT `craft_relations_sourceLocale_fk` FOREIGN KEY (`sourceLocale`) REFERENCES `craft_locales` (`locale`) ON DELETE CASCADE ON UPDATE CASCADE,
	ADD CONSTRAINT `craft_relations_targetId_fk` FOREIGN KEY (`targetId`) REFERENCES `craft_elements` (`id`) ON DELETE CASCADE;

--
-- Constraints for table `craft_routes`
--
ALTER TABLE `craft_routes`
	ADD CONSTRAINT `craft_routes_locale_fk` FOREIGN KEY (`locale`) REFERENCES `craft_locales` (`locale`) ON DELETE CASCADE ON UPDATE CASCADE;

--
-- Constraints for table `craft_sections`
--
ALTER TABLE `craft_sections`
	ADD CONSTRAINT `craft_sections_structureId_fk` FOREIGN KEY (`structureId`) REFERENCES `craft_structures` (`id`) ON DELETE SET NULL;

--
-- Constraints for table `craft_sections_i18n`
--
ALTER TABLE `craft_sections_i18n`
	ADD CONSTRAINT `craft_sections_i18n_locale_fk` FOREIGN KEY (`locale`) REFERENCES `craft_locales` (`locale`) ON DELETE CASCADE ON UPDATE CASCADE,
	ADD CONSTRAINT `craft_sections_i18n_sectionId_fk` FOREIGN KEY (`sectionId`) REFERENCES `craft_sections` (`id`) ON DELETE CASCADE;

--
-- Constraints for table `craft_sessions`
--
ALTER TABLE `craft_sessions`
	ADD CONSTRAINT `craft_sessions_userId_fk` FOREIGN KEY (`userId`) REFERENCES `craft_users` (`id`) ON DELETE CASCADE;

--
-- Constraints for table `craft_shunnedmessages`
--
ALTER TABLE `craft_shunnedmessages`
	ADD CONSTRAINT `craft_shunnedmessages_userId_fk` FOREIGN KEY (`userId`) REFERENCES `craft_users` (`id`) ON DELETE CASCADE;

--
-- Constraints for table `craft_structureelements`
--
ALTER TABLE `craft_structureelements`
	ADD CONSTRAINT `craft_structureelements_elementId_fk` FOREIGN KEY (`elementId`) REFERENCES `craft_elements` (`id`) ON DELETE CASCADE,
	ADD CONSTRAINT `craft_structureelements_structureId_fk` FOREIGN KEY (`structureId`) REFERENCES `craft_structures` (`id`) ON DELETE CASCADE;

--
-- Constraints for table `craft_supertableblocks`
--
ALTER TABLE `craft_supertableblocks`
	ADD CONSTRAINT `craft_supertableblocks_fieldId_fk` FOREIGN KEY (`fieldId`) REFERENCES `craft_fields` (`id`) ON DELETE CASCADE,
	ADD CONSTRAINT `craft_supertableblocks_id_fk` FOREIGN KEY (`id`) REFERENCES `craft_elements` (`id`) ON DELETE CASCADE,
	ADD CONSTRAINT `craft_supertableblocks_ownerId_fk` FOREIGN KEY (`ownerId`) REFERENCES `craft_elements` (`id`) ON DELETE CASCADE,
	ADD CONSTRAINT `craft_supertableblocks_ownerLocale_fk` FOREIGN KEY (`ownerLocale`) REFERENCES `craft_locales` (`locale`) ON DELETE CASCADE ON UPDATE CASCADE,
	ADD CONSTRAINT `craft_supertableblocks_typeId_fk` FOREIGN KEY (`typeId`) REFERENCES `craft_supertableblocktypes` (`id`) ON DELETE CASCADE;

--
-- Constraints for table `craft_supertableblocktypes`
--
ALTER TABLE `craft_supertableblocktypes`
	ADD CONSTRAINT `craft_supertableblocktypes_fieldId_fk` FOREIGN KEY (`fieldId`) REFERENCES `craft_fields` (`id`) ON DELETE CASCADE,
	ADD CONSTRAINT `craft_supertableblocktypes_fieldLayoutId_fk` FOREIGN KEY (`fieldLayoutId`) REFERENCES `craft_fieldlayouts` (`id`) ON DELETE SET NULL;

--
-- Constraints for table `craft_taggroups`
--
ALTER TABLE `craft_taggroups`
	ADD CONSTRAINT `craft_taggroups_fieldLayoutId_fk` FOREIGN KEY (`fieldLayoutId`) REFERENCES `craft_fieldlayouts` (`id`) ON DELETE SET NULL;

--
-- Constraints for table `craft_tags`
--
ALTER TABLE `craft_tags`
	ADD CONSTRAINT `craft_tags_groupId_fk` FOREIGN KEY (`groupId`) REFERENCES `craft_taggroups` (`id`) ON DELETE CASCADE,
	ADD CONSTRAINT `craft_tags_id_fk` FOREIGN KEY (`id`) REFERENCES `craft_elements` (`id`) ON DELETE CASCADE;

--
-- Constraints for table `craft_templatecachecriteria`
--
ALTER TABLE `craft_templatecachecriteria`
	ADD CONSTRAINT `craft_templatecachecriteria_cacheId_fk` FOREIGN KEY (`cacheId`) REFERENCES `craft_templatecaches` (`id`) ON DELETE CASCADE;

--
-- Constraints for table `craft_templatecacheelements`
--
ALTER TABLE `craft_templatecacheelements`
	ADD CONSTRAINT `craft_templatecacheelements_cacheId_fk` FOREIGN KEY (`cacheId`) REFERENCES `craft_templatecaches` (`id`) ON DELETE CASCADE,
	ADD CONSTRAINT `craft_templatecacheelements_elementId_fk` FOREIGN KEY (`elementId`) REFERENCES `craft_elements` (`id`) ON DELETE CASCADE;

--
-- Constraints for table `craft_templatecaches`
--
ALTER TABLE `craft_templatecaches`
	ADD CONSTRAINT `craft_templatecaches_locale_fk` FOREIGN KEY (`locale`) REFERENCES `craft_locales` (`locale`) ON DELETE CASCADE ON UPDATE CASCADE;

--
-- Constraints for table `craft_usergroups_users`
--
ALTER TABLE `craft_usergroups_users`
	ADD CONSTRAINT `craft_usergroups_users_groupId_fk` FOREIGN KEY (`groupId`) REFERENCES `craft_usergroups` (`id`) ON DELETE CASCADE,
	ADD CONSTRAINT `craft_usergroups_users_userId_fk` FOREIGN KEY (`userId`) REFERENCES `craft_users` (`id`) ON DELETE CASCADE;

--
-- Constraints for table `craft_userpermissions_usergroups`
--
ALTER TABLE `craft_userpermissions_usergroups`
	ADD CONSTRAINT `craft_userpermissions_usergroups_groupId_fk` FOREIGN KEY (`groupId`) REFERENCES `craft_usergroups` (`id`) ON DELETE CASCADE,
	ADD CONSTRAINT `craft_userpermissions_usergroups_permissionId_fk` FOREIGN KEY (`permissionId`) REFERENCES `craft_userpermissions` (`id`) ON DELETE CASCADE;

--
-- Constraints for table `craft_userpermissions_users`
--
ALTER TABLE `craft_userpermissions_users`
	ADD CONSTRAINT `craft_userpermissions_users_permissionId_fk` FOREIGN KEY (`permissionId`) REFERENCES `craft_userpermissions` (`id`) ON DELETE CASCADE,
	ADD CONSTRAINT `craft_userpermissions_users_userId_fk` FOREIGN KEY (`userId`) REFERENCES `craft_users` (`id`) ON DELETE CASCADE;

--
-- Constraints for table `craft_users`
--
ALTER TABLE `craft_users`
	ADD CONSTRAINT `craft_users_id_fk` FOREIGN KEY (`id`) REFERENCES `craft_elements` (`id`) ON DELETE CASCADE,
	ADD CONSTRAINT `craft_users_preferredLocale_fk` FOREIGN KEY (`preferredLocale`) REFERENCES `craft_locales` (`locale`) ON DELETE SET NULL ON UPDATE CASCADE;

--
-- Constraints for table `craft_widgets`
--
ALTER TABLE `craft_widgets`
	ADD CONSTRAINT `craft_widgets_userId_fk` FOREIGN KEY (`userId`) REFERENCES `craft_users` (`id`) ON DELETE CASCADE;

SET FOREIGN_KEY_CHECKS = 1;
